group,case,path,threads,concurrent_requests,requests,bytes_per_request,bytes_per_iter,mean_ms,gbps,mreq_s
prost_async_payload_encode,small-bytes-4k,CPU Prost Message::encode,,,4088,4105,16781240,2.727393,6.152851,1.498867
prost_async_payload_encode,small-bytes-4k,async CPU Prost encode_async_ref,,,4088,4105,16781240,2.794484,6.005131,1.462882
prost_async_payload_encode,large-bytes,CPU Prost Message::encode,,,16,1048586,16777376,7.230844,2.320251,0.002213
prost_async_payload_encode,large-bytes,async CPU Prost encode_async_ref,,,16,1048586,16777376,7.118369,2.356913,0.002248
prost_async_payload_encode_cpu_thread_matrix,tiny-bytes-128,CPU Prost thread matrix,16,,122462,137,16777294,1.072455,15.643814,114.188425
prost_async_payload_encode_cpu_thread_matrix,tiny-bytes-512,CPU Prost thread matrix,16,,32202,521,16777242,0.674057,24.889952,47.773420
prost_async_payload_encode_cpu_thread_matrix,tiny-bytes-1024,CPU Prost thread matrix,16,,16242,1033,16777986,0.623365,26.915187,26.055360
prost_async_payload_encode_cpu_thread_matrix,small-bytes-4k,CPU Prost thread matrix,1,,4088,4105,16781240,2.828673,5.932548,1.445201
prost_async_payload_encode_cpu_thread_matrix,small-bytes-4k,CPU Prost thread matrix,2,,4088,4105,16781240,1.198007,14.007635,3.412335
prost_async_payload_encode_cpu_thread_matrix,small-bytes-4k,CPU Prost thread matrix,4,,4088,4105,16781240,0.651404,25.761655,6.275677
prost_async_payload_encode_cpu_thread_matrix,small-bytes-4k,CPU Prost thread matrix,8,,4088,4105,16781240,0.505562,33.193248,8.086053
prost_async_payload_encode_cpu_thread_matrix,small-bytes-4k,CPU Prost thread matrix,16,,4088,4105,16781240,0.521478,32.180155,7.839258
prost_async_payload_encode_cpu_thread_matrix,large-bytes,CPU Prost thread matrix,1,,16,1048586,16777376,2.294289,7.312670,0.006974
prost_async_payload_encode_cpu_thread_matrix,large-bytes,CPU Prost thread matrix,2,,16,1048586,16777376,0.798944,20.999431,0.020026
prost_async_payload_encode_cpu_thread_matrix,large-bytes,CPU Prost thread matrix,4,,16,1048586,16777376,0.559322,29.995905,0.028606
prost_async_payload_encode_cpu_thread_matrix,large-bytes,CPU Prost thread matrix,8,,16,1048586,16777376,0.468604,35.802918,0.034144
prost_async_payload_encode_dsa,small-bytes-4k,DSA Prost encode_async_ref submit+poll+complete,,,4088,4105,16781240,6.054158,2.771854,0.675238
prost_async_payload_encode_dsa,large-bytes,DSA Prost encode_async_ref submit+poll+complete,,,16,1048586,16777376,5.388442,3.113586,0.002969
prost_async_payload_encode_dsa_concurrency_matrix,small-bytes-4k,DSA Prost encode concurrency matrix,,1,4088,4105,16781240,5.495688,3.053528,0.743856
prost_async_payload_encode_dsa_concurrency_matrix,small-bytes-4k,DSA Prost encode concurrency matrix,,2,4088,4105,16781240,3.831024,4.380354,1.067078
prost_async_payload_encode_dsa_concurrency_matrix,small-bytes-4k,DSA Prost encode concurrency matrix,,4,4088,4105,16781240,2.658371,6.312603,1.537784
prost_async_payload_encode_dsa_concurrency_matrix,small-bytes-4k,DSA Prost encode concurrency matrix,,8,4088,4105,16781240,2.122258,7.907257,1.926250
prost_async_payload_encode_dsa_concurrency_matrix,small-bytes-4k,DSA Prost encode concurrency matrix,,16,4096,4105,16814080,1.829863,9.188712,2.238419
prost_async_payload_encode_dsa_concurrency_matrix,large-bytes,DSA Prost encode concurrency matrix,,1,16,1048586,16777376,0.606476,27.663714,0.026382
prost_async_payload_encode_dsa_concurrency_matrix,large-bytes,DSA Prost encode concurrency matrix,,2,16,1048586,16777376,0.569882,29.440112,0.028076
prost_async_payload_encode_dsa_concurrency_matrix,large-bytes,DSA Prost encode concurrency matrix,,4,16,1048586,16777376,0.567106,29.584196,0.028213
prost_async_payload_encode_dsa_concurrency_matrix,large-bytes,DSA Prost encode concurrency matrix,,8,16,1048586,16777376,0.591835,28.348044,0.027035
prost_async_payload_encode_dsa_concurrency_matrix,large-bytes,DSA Prost encode concurrency matrix,,16,16,1048586,16777376,0.733669,22.867768,0.021808
prost_async_payload_encode_dsa_thread_matrix,tiny-bytes-128,DSA Prost thread matrix,1,1,122462,137,16777294,98.656770,0.170057,1.241293
prost_async_payload_encode_dsa_thread_matrix,tiny-bytes-128,DSA Prost thread matrix,1,2,122462,137,16777294,69.452678,0.241564,1.763244
prost_async_payload_encode_dsa_thread_matrix,tiny-bytes-128,DSA Prost thread matrix,1,4,122462,137,16777294,51.464290,0.325999,2.379553
prost_async_payload_encode_dsa_thread_matrix,tiny-bytes-128,DSA Prost thread matrix,1,8,122462,137,16777294,44.206074,0.379525,2.770253
prost_async_payload_encode_dsa_thread_matrix,tiny-bytes-128,DSA Prost thread matrix,1,16,122462,137,16777294,41.457981,0.404682,2.953882
prost_async_payload_encode_dsa_thread_matrix,tiny-bytes-128,DSA Prost thread matrix,2,1,122462,137,16777294,67.548582,0.248374,1.812947
prost_async_payload_encode_dsa_thread_matrix,tiny-bytes-128,DSA Prost thread matrix,2,2,122462,137,16777294,46.851783,0.358093,2.613817
prost_async_payload_encode_dsa_thread_matrix,tiny-bytes-128,DSA Prost thread matrix,2,4,122462,137,16777294,30.826927,0.544242,3.972566
prost_async_payload_encode_dsa_thread_matrix,tiny-bytes-128,DSA Prost thread matrix,2,8,122462,137,16777294,26.731112,0.627632,4.581253
prost_async_payload_encode_dsa_thread_matrix,tiny-bytes-128,DSA Prost thread matrix,2,16,122462,137,16777294,24.084304,0.696607,5.084723
prost_async_payload_encode_dsa_thread_matrix,tiny-bytes-128,DSA Prost thread matrix,4,1,122462,137,16777294,34.865742,0.481197,3.512388
prost_async_payload_encode_dsa_thread_matrix,tiny-bytes-128,DSA Prost thread matrix,4,2,122462,137,16777294,24.176069,0.693963,5.065422
prost_async_payload_encode_dsa_thread_matrix,tiny-bytes-128,DSA Prost thread matrix,4,4,122462,137,16777294,16.645491,1.007918,7.357067
prost_async_payload_encode_dsa_thread_matrix,tiny-bytes-128,DSA Prost thread matrix,4,8,122462,137,16777294,14.362535,1.168129,8.526489
prost_async_payload_encode_dsa_thread_matrix,tiny-bytes-128,DSA Prost thread matrix,4,16,122462,137,16777294,12.432406,1.349481,9.850226
prost_async_payload_encode_dsa_thread_matrix,tiny-bytes-128,DSA Prost thread matrix,8,1,122462,137,16777294,20.050109,0.836768,6.107797
prost_async_payload_encode_dsa_thread_matrix,tiny-bytes-128,DSA Prost thread matrix,8,2,122462,137,16777294,13.177238,1.273203,9.293450
prost_async_payload_encode_dsa_thread_matrix,tiny-bytes-128,DSA Prost thread matrix,8,4,122462,137,16777294,9.599725,1.747685,12.756824
prost_async_payload_encode_dsa_thread_matrix,tiny-bytes-128,DSA Prost thread matrix,8,8,122462,137,16777294,8.056685,2.082407,15.200047
prost_async_payload_encode_dsa_thread_matrix,tiny-bytes-128,DSA Prost thread matrix,8,16,122462,137,16777294,6.981892,2.402972,17.539945
prost_async_payload_encode_dsa_thread_matrix,tiny-bytes-128,DSA Prost thread matrix,16,1,122462,137,16777294,11.547109,1.452943,10.605425
prost_async_payload_encode_dsa_thread_matrix,tiny-bytes-128,DSA Prost thread matrix,16,2,122462,137,16777294,8.109066,2.068955,15.101862
prost_async_payload_encode_dsa_thread_matrix,tiny-bytes-128,DSA Prost thread matrix,16,4,122462,137,16777294,5.906607,2.840428,20.733054
prost_async_payload_encode_dsa_thread_matrix,tiny-bytes-128,DSA Prost thread matrix,16,8,122462,137,16777294,4.665867,3.595751,26.246354
prost_async_payload_encode_dsa_thread_matrix,tiny-bytes-128,DSA Prost thread matrix,16,16,122462,137,16777294,4.493911,3.733339,27.250649
prost_async_payload_encode_dsa_thread_matrix,tiny-bytes-512,DSA Prost thread matrix,1,1,32202,521,16777242,31.550009,0.531767,1.020665
prost_async_payload_encode_dsa_thread_matrix,tiny-bytes-512,DSA Prost thread matrix,1,2,32202,521,16777242,21.703171,0.773032,1.483746
prost_async_payload_encode_dsa_thread_matrix,tiny-bytes-512,DSA Prost thread matrix,1,4,32202,521,16777242,14.878354,1.127628,2.164352
prost_async_payload_encode_dsa_thread_matrix,tiny-bytes-512,DSA Prost thread matrix,1,8,32202,521,16777242,12.221860,1.372724,2.634787
prost_async_payload_encode_dsa_thread_matrix,tiny-bytes-512,DSA Prost thread matrix,1,16,32202,521,16777242,11.244648,1.492020,2.863762
prost_async_payload_encode_dsa_thread_matrix,tiny-bytes-512,DSA Prost thread matrix,2,1,32202,521,16777242,18.854152,0.889843,1.707953
prost_async_payload_encode_dsa_thread_matrix,tiny-bytes-512,DSA Prost thread matrix,2,2,32202,521,16777242,12.408669,1.352058,2.595121
prost_async_payload_encode_dsa_thread_matrix,tiny-bytes-512,DSA Prost thread matrix,2,4,32202,521,16777242,8.839816,1.897918,3.642836
prost_async_payload_encode_dsa_thread_matrix,tiny-bytes-512,DSA Prost thread matrix,2,8,32202,521,16777242,7.031913,2.385872,4.579408
prost_async_payload_encode_dsa_thread_matrix,tiny-bytes-512,DSA Prost thread matrix,2,16,32202,521,16777242,6.521246,2.572705,4.938014
prost_async_payload_encode_dsa_thread_matrix,tiny-bytes-512,DSA Prost thread matrix,4,1,32202,521,16777242,10.007095,1.676535,3.217917
prost_async_payload_encode_dsa_thread_matrix,tiny-bytes-512,DSA Prost thread matrix,4,2,32202,521,16777242,6.358391,2.638599,5.064489
prost_async_payload_encode_dsa_thread_matrix,tiny-bytes-512,DSA Prost thread matrix,4,4,32202,521,16777242,4.742460,3.537667,6.790147
prost_async_payload_encode_dsa_thread_matrix,tiny-bytes-512,DSA Prost thread matrix,4,8,32202,521,16777242,3.703720,4.529836,8.694502
prost_async_payload_encode_dsa_thread_matrix,tiny-bytes-512,DSA Prost thread matrix,4,16,32202,521,16777242,3.434914,4.884326,9.374906
prost_async_payload_encode_dsa_thread_matrix,tiny-bytes-512,DSA Prost thread matrix,8,1,32202,521,16777242,5.415423,3.098049,5.946350
prost_async_payload_encode_dsa_thread_matrix,tiny-bytes-512,DSA Prost thread matrix,8,2,32202,521,16777242,3.606330,4.652164,8.929298
prost_async_payload_encode_dsa_thread_matrix,tiny-bytes-512,DSA Prost thread matrix,8,4,32202,521,16777242,2.834324,5.919310,11.361439
prost_async_payload_encode_dsa_thread_matrix,tiny-bytes-512,DSA Prost thread matrix,8,8,32202,521,16777242,2.223280,7.546167,14.484007
prost_async_payload_encode_dsa_thread_matrix,tiny-bytes-512,DSA Prost thread matrix,8,16,32202,521,16777242,2.009730,8.348009,16.023049
prost_async_payload_encode_dsa_thread_matrix,tiny-bytes-512,DSA Prost thread matrix,16,1,32202,521,16777242,2.991069,5.609113,10.766052
prost_async_payload_encode_dsa_thread_matrix,tiny-bytes-512,DSA Prost thread matrix,16,2,32202,521,16777242,2.062319,8.135135,15.614463
prost_async_payload_encode_dsa_thread_matrix,tiny-bytes-512,DSA Prost thread matrix,16,4,32202,521,16777242,1.708843,9.817897,18.844331
prost_async_payload_encode_dsa_thread_matrix,tiny-bytes-512,DSA Prost thread matrix,16,8,32202,521,16777242,1.346838,12.456768,23.909343
prost_async_payload_encode_dsa_thread_matrix,tiny-bytes-512,DSA Prost thread matrix,16,16,32202,521,16777242,1.230723,13.632025,26.165116
prost_async_payload_encode_dsa_thread_matrix,tiny-bytes-1024,DSA Prost thread matrix,1,1,16242,1033,16777986,17.436829,0.962215,0.931477
prost_async_payload_encode_dsa_thread_matrix,tiny-bytes-1024,DSA Prost thread matrix,1,2,16242,1033,16777986,11.476163,1.461986,1.415281
prost_async_payload_encode_dsa_thread_matrix,tiny-bytes-1024,DSA Prost thread matrix,1,4,16242,1033,16777986,7.873818,2.130858,2.062786
prost_async_payload_encode_dsa_thread_matrix,tiny-bytes-1024,DSA Prost thread matrix,1,8,16242,1033,16777986,6.414718,2.615546,2.531990
prost_async_payload_encode_dsa_thread_matrix,tiny-bytes-1024,DSA Prost thread matrix,1,16,16242,1033,16777986,5.742532,2.921705,2.828369
prost_async_payload_encode_dsa_thread_matrix,tiny-bytes-1024,DSA Prost thread matrix,2,1,16242,1033,16777986,10.246927,1.637368,1.585061
prost_async_payload_encode_dsa_thread_matrix,tiny-bytes-1024,DSA Prost thread matrix,2,2,16242,1033,16777986,6.978438,2.404261,2.327455
prost_async_payload_encode_dsa_thread_matrix,tiny-bytes-1024,DSA Prost thread matrix,2,4,16242,1033,16777986,4.582281,3.661492,3.544523
prost_async_payload_encode_dsa_thread_matrix,tiny-bytes-1024,DSA Prost thread matrix,2,8,16242,1033,16777986,3.706020,4.527225,4.382599
prost_async_payload_encode_dsa_thread_matrix,tiny-bytes-1024,DSA Prost thread matrix,2,16,16242,1033,16777986,3.531708,4.750672,4.598908
prost_async_payload_encode_dsa_thread_matrix,tiny-bytes-1024,DSA Prost thread matrix,4,1,16242,1033,16777986,5.327490,3.149323,3.048715
prost_async_payload_encode_dsa_thread_matrix,tiny-bytes-1024,DSA Prost thread matrix,4,2,16242,1033,16777986,3.565567,4.705559,4.555236
prost_async_payload_encode_dsa_thread_matrix,tiny-bytes-1024,DSA Prost thread matrix,4,4,16242,1033,16777986,2.459671,6.821231,6.603321
prost_async_payload_encode_dsa_thread_matrix,tiny-bytes-1024,DSA Prost thread matrix,4,8,16242,1033,16777986,2.030742,8.261999,7.998063
prost_async_payload_encode_dsa_thread_matrix,tiny-bytes-1024,DSA Prost thread matrix,4,16,16242,1033,16777986,1.926735,8.707987,8.429803
prost_async_payload_encode_dsa_thread_matrix,tiny-bytes-1024,DSA Prost thread matrix,8,1,16242,1033,16777986,2.886686,5.812197,5.626522
prost_async_payload_encode_dsa_thread_matrix,tiny-bytes-1024,DSA Prost thread matrix,8,2,16242,1033,16777986,1.899798,8.831458,8.549330
prost_async_payload_encode_dsa_thread_matrix,tiny-bytes-1024,DSA Prost thread matrix,8,4,16242,1033,16777986,1.401200,11.974012,11.591492
prost_async_payload_encode_dsa_thread_matrix,tiny-bytes-1024,DSA Prost thread matrix,8,8,16242,1033,16777986,1.244006,13.487058,13.056203
prost_async_payload_encode_dsa_thread_matrix,tiny-bytes-1024,DSA Prost thread matrix,8,16,16242,1033,16777986,1.118997,14.993776,14.514788
prost_async_payload_encode_dsa_thread_matrix,tiny-bytes-1024,DSA Prost thread matrix,16,1,16242,1033,16777986,1.624280,10.329491,9.999507
prost_async_payload_encode_dsa_thread_matrix,tiny-bytes-1024,DSA Prost thread matrix,16,2,16242,1033,16777986,1.152832,14.553716,14.088786
prost_async_payload_encode_dsa_thread_matrix,tiny-bytes-1024,DSA Prost thread matrix,16,4,16242,1033,16777986,0.865479,19.385776,18.766482
prost_async_payload_encode_dsa_thread_matrix,tiny-bytes-1024,DSA Prost thread matrix,16,8,16242,1033,16777986,0.785503,21.359541,20.677194
prost_async_payload_encode_dsa_thread_matrix,tiny-bytes-1024,DSA Prost thread matrix,16,16,16242,1033,16777986,0.775960,21.622221,20.931482
prost_async_payload_encode_dsa_thread_matrix,small-bytes-4k,DSA Prost thread matrix,1,1,4088,4105,16781240,5.460522,3.073193,0.748646
prost_async_payload_encode_dsa_thread_matrix,small-bytes-4k,DSA Prost thread matrix,1,2,4088,4105,16781240,3.669515,4.573149,1.114044
prost_async_payload_encode_dsa_thread_matrix,small-bytes-4k,DSA Prost thread matrix,1,4,4088,4105,16781240,2.653916,6.323198,1.540365
prost_async_payload_encode_dsa_thread_matrix,small-bytes-4k,DSA Prost thread matrix,1,8,4088,4105,16781240,2.038750,8.231143,2.005150
prost_async_payload_encode_dsa_thread_matrix,small-bytes-4k,DSA Prost thread matrix,1,16,4088,4105,16781240,1.719523,9.759242,2.377404
prost_async_payload_encode_dsa_thread_matrix,small-bytes-4k,DSA Prost thread matrix,2,1,4088,4105,16781240,3.041265,5.517848,1.344177
prost_async_payload_encode_dsa_thread_matrix,small-bytes-4k,DSA Prost thread matrix,2,2,4088,4105,16781240,2.061883,8.138794,1.982654
prost_async_payload_encode_dsa_thread_matrix,small-bytes-4k,DSA Prost thread matrix,2,4,4088,4105,16781240,1.601552,10.478110,2.552524
prost_async_payload_encode_dsa_thread_matrix,small-bytes-4k,DSA Prost thread matrix,2,8,4088,4105,16781240,1.137034,14.758791,3.595321
prost_async_payload_encode_dsa_thread_matrix,small-bytes-4k,DSA Prost thread matrix,2,16,4088,4105,16781240,1.000440,16.773861,4.086202
prost_async_payload_encode_dsa_thread_matrix,small-bytes-4k,DSA Prost thread matrix,4,1,4088,4105,16781240,1.856589,9.038747,2.201887
prost_async_payload_encode_dsa_thread_matrix,small-bytes-4k,DSA Prost thread matrix,4,2,4088,4105,16781240,1.254877,13.372818,3.257690
prost_async_payload_encode_dsa_thread_matrix,small-bytes-4k,DSA Prost thread matrix,4,4,4088,4105,16781240,0.987882,16.987082,4.138144
prost_async_payload_encode_dsa_thread_matrix,small-bytes-4k,DSA Prost thread matrix,4,8,4088,4105,16781240,0.794659,21.117537,5.144345
prost_async_payload_encode_dsa_thread_matrix,small-bytes-4k,DSA Prost thread matrix,4,16,4088,4105,16781240,0.716020,23.436822,5.709335
prost_async_payload_encode_dsa_thread_matrix,small-bytes-4k,DSA Prost thread matrix,8,1,4088,4105,16781240,1.032092,16.259444,3.960888
prost_async_payload_encode_dsa_thread_matrix,small-bytes-4k,DSA Prost thread matrix,8,2,4088,4105,16781240,0.744433,22.542312,5.491428
prost_async_payload_encode_dsa_thread_matrix,small-bytes-4k,DSA Prost thread matrix,8,4,4088,4105,16781240,0.640692,26.192387,6.380606
prost_async_payload_encode_dsa_thread_matrix,small-bytes-4k,DSA Prost thread matrix,8,8,4088,4105,16781240,0.625329,26.835860,6.537359
prost_async_payload_encode_dsa_thread_matrix,small-bytes-4k,DSA Prost thread matrix,8,16,4088,4105,16781240,0.617495,27.176314,6.620296
prost_async_payload_encode_dsa_thread_matrix,small-bytes-4k,DSA Prost thread matrix,16,1,4088,4105,16781240,0.677847,24.756684,6.030861
prost_async_payload_encode_dsa_thread_matrix,small-bytes-4k,DSA Prost thread matrix,16,2,4088,4105,16781240,0.649750,25.827223,6.291650
prost_async_payload_encode_dsa_thread_matrix,small-bytes-4k,DSA Prost thread matrix,16,4,4088,4105,16781240,0.638825,26.268897,6.399244
prost_async_payload_encode_dsa_thread_matrix,small-bytes-4k,DSA Prost thread matrix,16,8,4088,4105,16781240,0.636322,26.372246,6.424420
prost_async_payload_encode_dsa_thread_matrix,small-bytes-4k,DSA Prost thread matrix,16,16,4088,4105,16781240,0.634014,26.468230,6.447803
prost_async_payload_encode_dsa_thread_matrix,large-bytes,DSA Prost thread matrix,1,1,16,1048586,16777376,0.610363,27.487523,0.026214
prost_async_payload_encode_dsa_thread_matrix,large-bytes,DSA Prost thread matrix,1,2,16,1048586,16777376,0.580378,28.907689,0.027568
prost_async_payload_encode_dsa_thread_matrix,large-bytes,DSA Prost thread matrix,1,4,16,1048586,16777376,0.563735,29.761103,0.028382
prost_async_payload_encode_dsa_thread_matrix,large-bytes,DSA Prost thread matrix,1,8,16,1048586,16777376,0.560424,29.936922,0.028550
prost_async_payload_encode_dsa_thread_matrix,large-bytes,DSA Prost thread matrix,1,16,16,1048586,16777376,0.812270,20.654915,0.019698
prost_async_payload_encode_dsa_thread_matrix,large-bytes,DSA Prost thread matrix,2,1,16,1048586,16777376,0.544772,30.797073,0.029370
prost_async_payload_encode_dsa_thread_matrix,large-bytes,DSA Prost thread matrix,2,2,16,1048586,16777376,0.543909,30.845910,0.029417
prost_async_payload_encode_dsa_thread_matrix,large-bytes,DSA Prost thread matrix,2,4,16,1048586,16777376,0.548892,30.565920,0.029150
prost_async_payload_encode_dsa_thread_matrix,large-bytes,DSA Prost thread matrix,2,8,16,1048586,16777376,0.566166,29.633338,0.028260
prost_async_payload_encode_dsa_thread_matrix,large-bytes,DSA Prost thread matrix,4,1,16,1048586,16777376,0.543977,30.842084,0.029413
prost_async_payload_encode_dsa_thread_matrix,large-bytes,DSA Prost thread matrix,4,2,16,1048586,16777376,0.548928,30.563907,0.029148
prost_async_payload_encode_dsa_thread_matrix,large-bytes,DSA Prost thread matrix,4,4,16,1048586,16777376,0.560014,29.958871,0.028571
prost_async_payload_encode_dsa_thread_matrix,large-bytes,DSA Prost thread matrix,8,1,16,1048586,16777376,0.554220,30.272030,0.028869
prost_async_payload_encode_dsa_thread_matrix,large-bytes,DSA Prost thread matrix,8,2,16,1048586,16777376,0.565599,29.663021,0.028289
