file,family,label,sub_experiment,variant,operation_class,n,marker_poll_offset,poll_submit_batch_n,completion_layout,completion_stride_bytes,completion_base_mod_64,completion_base_mod_4096,completed_median,missing_median,errors_median,visible_poll_ns_median,visible_poll_ns_p99,none_poll_ns_median,poll_window_reads_median,poll_window_visible_median
burst_n096.json,burst_depth,96,baseline,packed-32b,noop,96,1,1,packed-32b,32,32,2784,96,0,0,99,172,10,,
burst_n096.json,burst_depth,96,prefetch,prefetch-1-lines,noop,96,1,1,packed-32b,32,32,2784,96,0,0,96,171,9,,
burst_n096.json,burst_depth,96,prefetch,prefetch-2-lines,noop,96,1,1,packed-32b,32,32,2784,96,0,0,97,171,9,,
burst_n096.json,burst_depth,96,prefetch,prefetch-4-lines,noop,96,1,1,packed-32b,32,32,2784,96,0,0,100,168,9,,
burst_n096.json,burst_depth,96,measurement,batch-scan-timing,noop,96,1,1,packed-32b,32,32,2784,96,0,0,,,,1,0
burst_n096.json,burst_depth,96,cache-state,pre-touch,noop,96,1,1,packed-32b,32,32,2784,96,0,0,97,172,9,,
burst_n096.json,burst_depth,96,cache-state,clflush,noop,96,1,1,packed-32b,32,32,2784,96,0,0,98,174,9,,
burst_n096.json,burst_depth,96,layout,padded-64b,noop,96,1,1,padded-64b,64,0,3584,96,0,0,95,131,9,,
burst_n112.json,burst_depth,112,baseline,packed-32b,noop,112,1,1,packed-32b,32,0,3840,112,0,0,99,176,9,,
burst_n112.json,burst_depth,112,prefetch,prefetch-1-lines,noop,112,1,1,packed-32b,32,0,3840,112,0,0,98,159,9,,
burst_n112.json,burst_depth,112,prefetch,prefetch-2-lines,noop,112,1,1,packed-32b,32,0,3840,112,0,0,99,172,9,,
burst_n112.json,burst_depth,112,prefetch,prefetch-4-lines,noop,112,1,1,packed-32b,32,0,3840,112,0,0,99,170,9,,
burst_n112.json,burst_depth,112,measurement,batch-scan-timing,noop,112,1,1,packed-32b,32,0,3840,112,0,0,,,,1,0
burst_n112.json,burst_depth,112,cache-state,pre-touch,noop,112,1,1,packed-32b,32,0,3840,112,0,0,99,170,9,,
burst_n112.json,burst_depth,112,cache-state,clflush,noop,112,1,1,packed-32b,32,0,3840,112,0,0,99,173,9,,
burst_n112.json,burst_depth,112,layout,padded-64b,noop,112,1,1,padded-64b,64,0,3776,112,0,0,94,128,9,,
burst_n114.json,burst_depth,114,baseline,packed-32b,noop,114,1,1,packed-32b,32,0,2624,114,0,0,98,173,9,,
burst_n114.json,burst_depth,114,prefetch,prefetch-1-lines,noop,114,1,1,packed-32b,32,0,2624,114,0,0,98,166,9,,
burst_n114.json,burst_depth,114,prefetch,prefetch-2-lines,noop,114,1,1,packed-32b,32,0,2624,114,0,0,98,175,9,,
burst_n114.json,burst_depth,114,prefetch,prefetch-4-lines,noop,114,1,1,packed-32b,32,0,2624,114,0,0,98,173,9,,
burst_n114.json,burst_depth,114,measurement,batch-scan-timing,noop,114,1,1,packed-32b,32,0,2624,114,0,0,,,,1,0
burst_n114.json,burst_depth,114,cache-state,pre-touch,noop,114,1,1,packed-32b,32,0,2624,114,0,0,98,170,9,,
burst_n114.json,burst_depth,114,cache-state,clflush,noop,114,1,1,packed-32b,32,0,2624,114,0,0,98,172,9,,
burst_n114.json,burst_depth,114,layout,padded-64b,noop,114,1,1,padded-64b,64,0,192,114,0,0,94,129,9,,
burst_n116.json,burst_depth,116,baseline,packed-32b,noop,116,1,1,packed-32b,32,32,3552,116,0,0,96,173,9,,
burst_n116.json,burst_depth,116,prefetch,prefetch-1-lines,noop,116,1,1,packed-32b,32,32,3552,116,0,0,96,163,9,,
burst_n116.json,burst_depth,116,prefetch,prefetch-2-lines,noop,116,1,1,packed-32b,32,32,3552,116,0,0,97,171,9,,
burst_n116.json,burst_depth,116,prefetch,prefetch-4-lines,noop,116,1,1,packed-32b,32,32,3552,116,0,0,97,171,9,,
burst_n116.json,burst_depth,116,measurement,batch-scan-timing,noop,116,1,1,packed-32b,32,32,3552,116,0,0,,,,1,0
burst_n116.json,burst_depth,116,cache-state,pre-touch,noop,116,1,1,packed-32b,32,32,3552,116,0,0,97,170,9,,
burst_n116.json,burst_depth,116,cache-state,clflush,noop,116,1,1,packed-32b,32,32,3552,116,0,0,97,184,9,,
burst_n116.json,burst_depth,116,layout,padded-64b,noop,116,1,1,padded-64b,64,0,2176,116,0,0,95,126,9,,
burst_n120.json,burst_depth,120,baseline,packed-32b,noop,120,1,1,packed-32b,32,0,2112,120,0,0,100,171,9,,
burst_n120.json,burst_depth,120,prefetch,prefetch-1-lines,noop,120,1,1,packed-32b,32,0,2112,120,0,0,97,165,9,,
burst_n120.json,burst_depth,120,prefetch,prefetch-2-lines,noop,120,1,1,packed-32b,32,0,2112,120,0,0,97,171,9,,
burst_n120.json,burst_depth,120,prefetch,prefetch-4-lines,noop,120,1,1,packed-32b,32,0,2112,120,0,0,97,172,9,,
burst_n120.json,burst_depth,120,measurement,batch-scan-timing,noop,120,1,1,packed-32b,32,0,2112,120,0,0,,,,1,0
burst_n120.json,burst_depth,120,cache-state,pre-touch,noop,120,1,1,packed-32b,32,0,2112,120,0,0,97,170,9,,
burst_n120.json,burst_depth,120,cache-state,clflush,noop,120,1,1,packed-32b,32,0,2112,120,0,0,98,172,9,,
burst_n120.json,burst_depth,120,layout,padded-64b,noop,120,1,1,padded-64b,64,0,2240,120,0,0,95,121,9,,
burst_n128.json,burst_depth,128,baseline,packed-32b,noop,128,1,1,packed-32b,32,0,576,128,0,0,97,174,9,,
burst_n128.json,burst_depth,128,prefetch,prefetch-1-lines,noop,128,1,1,packed-32b,32,0,576,128,0,0,97,161,9,,
burst_n128.json,burst_depth,128,prefetch,prefetch-2-lines,noop,128,1,1,packed-32b,32,0,576,128,0,0,97,173,9,,
burst_n128.json,burst_depth,128,prefetch,prefetch-4-lines,noop,128,1,1,packed-32b,32,0,576,128,0,0,99,172,9,,
burst_n128.json,burst_depth,128,measurement,batch-scan-timing,noop,128,1,1,packed-32b,32,0,576,128,0,0,,,,1,0
burst_n128.json,burst_depth,128,cache-state,pre-touch,noop,128,1,1,packed-32b,32,0,576,128,0,0,97,173,9,,
burst_n128.json,burst_depth,128,cache-state,clflush,noop,128,1,1,packed-32b,32,0,576,128,0,0,97,173,9,,
burst_n128.json,burst_depth,128,layout,padded-64b,noop,128,1,1,padded-64b,64,0,1088,128,0,0,93,128,9,,
burst_n160.json,burst_depth,160,baseline,packed-32b,noop,160,1,1,packed-32b,32,0,2496,160,0,0,98,174,9,,
burst_n160.json,burst_depth,160,prefetch,prefetch-1-lines,noop,160,1,1,packed-32b,32,0,2496,160,0,0,98,164,9,,
burst_n160.json,burst_depth,160,prefetch,prefetch-2-lines,noop,160,1,1,packed-32b,32,0,2496,160,0,0,98,173,9,,
burst_n160.json,burst_depth,160,prefetch,prefetch-4-lines,noop,160,1,1,packed-32b,32,0,2496,160,0,0,98,173,9,,
burst_n160.json,burst_depth,160,measurement,batch-scan-timing,noop,160,1,1,packed-32b,32,0,2496,160,0,0,,,,1,0
burst_n160.json,burst_depth,160,cache-state,pre-touch,noop,160,1,1,packed-32b,32,0,2496,160,0,0,98,172,9,,
burst_n160.json,burst_depth,160,cache-state,clflush,noop,160,1,1,packed-32b,32,0,2496,160,0,0,98,174,9,,
burst_n160.json,burst_depth,160,layout,padded-64b,noop,160,1,1,padded-64b,64,0,3712,160,0,0,94,128,9,,
marker_position_first.json,marker_position,first,baseline,packed-32b,noop,160,1,1,packed-32b,32,32,3616,160,0,0,97,174,9,,
marker_position_first.json,marker_position,first,prefetch,prefetch-1-lines,noop,160,1,1,packed-32b,32,32,3616,160,0,0,96,163,9,,
marker_position_first.json,marker_position,first,prefetch,prefetch-2-lines,noop,160,1,1,packed-32b,32,32,3616,160,0,0,97,172,9,,
marker_position_first.json,marker_position,first,prefetch,prefetch-4-lines,noop,160,1,1,packed-32b,32,32,3616,160,0,0,97,173,9,,
marker_position_first.json,marker_position,first,measurement,batch-scan-timing,noop,160,1,1,packed-32b,32,32,3616,160,0,0,,,,1,0
marker_position_first.json,marker_position,first,cache-state,pre-touch,noop,160,1,1,packed-32b,32,32,3616,160,0,0,97,171,9,,
marker_position_first.json,marker_position,first,cache-state,clflush,noop,160,1,1,packed-32b,32,32,3616,160,0,0,98,172,9,,
marker_position_first.json,marker_position,first,layout,padded-64b,noop,160,1,1,padded-64b,64,0,1152,160,0,0,91,125,9,,
marker_position_half.json,marker_position,half,baseline,packed-32b,noop,160,1,1,packed-32b,32,0,2112,160,0,0,98,171,9,,
marker_position_half.json,marker_position,half,prefetch,prefetch-1-lines,noop,160,1,1,packed-32b,32,0,2112,160,0,0,97,168,9,,
marker_position_half.json,marker_position,half,prefetch,prefetch-2-lines,noop,160,1,1,packed-32b,32,0,2112,160,0,0,98,174,9,,
marker_position_half.json,marker_position,half,prefetch,prefetch-4-lines,noop,160,1,1,packed-32b,32,0,2112,160,0,0,98,173,9,,
marker_position_half.json,marker_position,half,measurement,batch-scan-timing,noop,160,1,1,packed-32b,32,0,2112,160,0,0,,,,1,0
marker_position_half.json,marker_position,half,cache-state,pre-touch,noop,160,1,1,packed-32b,32,0,2112,160,0,0,98,172,9,,
marker_position_half.json,marker_position,half,cache-state,clflush,noop,160,1,1,packed-32b,32,0,2112,160,0,0,98,176,9,,
marker_position_half.json,marker_position,half,layout,padded-64b,noop,160,1,1,padded-64b,64,0,3968,160,0,0,94,127,9,,
marker_position_last.json,marker_position,last,baseline,packed-32b,noop,160,1,1,packed-32b,32,32,288,160,0,0,98,174,9,,
marker_position_last.json,marker_position,last,prefetch,prefetch-1-lines,noop,160,1,1,packed-32b,32,32,288,160,0,0,100,164,9,,
marker_position_last.json,marker_position,last,prefetch,prefetch-2-lines,noop,160,1,1,packed-32b,32,32,288,160,0,0,98,172,9,,
marker_position_last.json,marker_position,last,prefetch,prefetch-4-lines,noop,160,1,1,packed-32b,32,32,288,160,0,0,98,172,9,,
marker_position_last.json,marker_position,last,measurement,batch-scan-timing,noop,160,1,1,packed-32b,32,32,288,160,0,0,,,,1,0
marker_position_last.json,marker_position,last,cache-state,pre-touch,noop,160,1,1,packed-32b,32,32,288,160,0,0,97,171,9,,
marker_position_last.json,marker_position,last,cache-state,clflush,noop,160,1,1,packed-32b,32,32,288,160,0,0,97,176,9,,
marker_position_last.json,marker_position,last,layout,padded-64b,noop,160,1,1,padded-64b,64,0,1664,160,0,0,95,125,9,,
payload_memmove1m.json,payload,memmove1m,baseline,packed-32b,memmove64,160,1,1,packed-32b,32,0,1984,28,132,0,9,108,9,,
payload_memmove1m.json,payload,memmove1m,prefetch,prefetch-1-lines,memmove64,160,1,1,packed-32b,32,0,1984,28,132,0,,,9,,
payload_memmove1m.json,payload,memmove1m,prefetch,prefetch-2-lines,memmove64,160,1,1,packed-32b,32,0,1984,28,132,0,,,9,,
payload_memmove1m.json,payload,memmove1m,prefetch,prefetch-4-lines,memmove64,160,1,1,packed-32b,32,0,1984,28,132,0,,,9,,
payload_memmove1m.json,payload,memmove1m,measurement,batch-scan-timing,memmove64,160,1,1,packed-32b,32,0,1984,28,132,0,,,,1,0
payload_memmove1m.json,payload,memmove1m,cache-state,pre-touch,memmove64,160,1,1,packed-32b,32,0,1984,28,132,0,,,9,,
payload_memmove1m.json,payload,memmove1m,cache-state,clflush,memmove64,160,1,1,packed-32b,32,0,1984,28,132,0,,,9,,
payload_memmove1m.json,payload,memmove1m,layout,padded-64b,memmove64,160,1,1,padded-64b,64,0,1536,28,132,0,,,9,,
payload_memmove4k.json,payload,memmove4k,baseline,packed-32b,memmove4k,160,1,1,packed-32b,32,0,1600,160,0,0,109,195,9,,
payload_memmove4k.json,payload,memmove4k,prefetch,prefetch-1-lines,memmove4k,160,1,1,packed-32b,32,0,1600,160,0,0,109,191,9,,
payload_memmove4k.json,payload,memmove4k,prefetch,prefetch-2-lines,memmove4k,160,1,1,packed-32b,32,0,1600,160,0,0,110,191,9,,
payload_memmove4k.json,payload,memmove4k,prefetch,prefetch-4-lines,memmove4k,160,1,1,packed-32b,32,0,1600,160,0,0,110,190,9,,
payload_memmove4k.json,payload,memmove4k,measurement,batch-scan-timing,memmove4k,160,1,1,packed-32b,32,0,1600,160,0,0,,,,2,1
payload_memmove4k.json,payload,memmove4k,cache-state,pre-touch,memmove4k,160,1,1,packed-32b,32,0,1600,160,0,0,109,191,9,,
payload_memmove4k.json,payload,memmove4k,cache-state,clflush,memmove4k,160,1,1,packed-32b,32,0,1600,160,0,0,110,196,9,,
payload_memmove4k.json,payload,memmove4k,layout,padded-64b,memmove4k,160,1,1,padded-64b,64,0,192,160,0,0,111,151,9,,
payload_memmove64.json,payload,memmove64,baseline,packed-32b,memmove64,160,1,1,packed-32b,32,0,2944,160,0,0,96,180,9,,
payload_memmove64.json,payload,memmove64,prefetch,prefetch-1-lines,memmove64,160,1,1,packed-32b,32,0,2944,160,0,0,96,173,9,,
payload_memmove64.json,payload,memmove64,prefetch,prefetch-2-lines,memmove64,160,1,1,packed-32b,32,0,2944,160,0,0,96,174,9,,
payload_memmove64.json,payload,memmove64,prefetch,prefetch-4-lines,memmove64,160,1,1,packed-32b,32,0,2944,160,0,0,96,172,9,,
payload_memmove64.json,payload,memmove64,measurement,batch-scan-timing,memmove64,160,1,1,packed-32b,32,0,2944,160,0,0,,,,1,0
payload_memmove64.json,payload,memmove64,cache-state,pre-touch,memmove64,160,1,1,packed-32b,32,0,2944,160,0,0,95,172,9,,
payload_memmove64.json,payload,memmove64,cache-state,clflush,memmove64,160,1,1,packed-32b,32,0,2944,160,0,0,95,174,9,,
payload_memmove64.json,payload,memmove64,layout,padded-64b,memmove64,160,1,1,padded-64b,64,0,1472,160,0,0,95,133,9,,
payload_noop.json,payload,noop,baseline,packed-32b,noop,160,1,1,packed-32b,32,0,3520,160,0,0,97,172,9,,
payload_noop.json,payload,noop,prefetch,prefetch-1-lines,noop,160,1,1,packed-32b,32,0,3520,160,0,0,96,161,9,,
payload_noop.json,payload,noop,prefetch,prefetch-2-lines,noop,160,1,1,packed-32b,32,0,3520,160,0,0,97,168,9,,
payload_noop.json,payload,noop,prefetch,prefetch-4-lines,noop,160,1,1,packed-32b,32,0,3520,160,0,0,97,169,9,,
payload_noop.json,payload,noop,measurement,batch-scan-timing,noop,160,1,1,packed-32b,32,0,3520,160,0,0,,,,1,0
payload_noop.json,payload,noop,cache-state,pre-touch,noop,160,1,1,packed-32b,32,0,3520,160,0,0,97,168,9,,
payload_noop.json,payload,noop,cache-state,clflush,noop,160,1,1,packed-32b,32,0,3520,160,0,0,97,175,9,,
payload_noop.json,payload,noop,layout,padded-64b,noop,160,1,1,padded-64b,64,0,192,160,0,0,95,122,9,,
poll_offset_001.json,poll_offset,1,baseline,packed-32b,noop,160,1,1,packed-32b,32,32,1888,160,0,0,99,175,9,,
poll_offset_001.json,poll_offset,1,prefetch,prefetch-1-lines,noop,160,1,1,packed-32b,32,32,1888,160,0,0,98,168,9,,
poll_offset_001.json,poll_offset,1,prefetch,prefetch-2-lines,noop,160,1,1,packed-32b,32,32,1888,160,0,0,99,172,9,,
poll_offset_001.json,poll_offset,1,prefetch,prefetch-4-lines,noop,160,1,1,packed-32b,32,32,1888,160,0,0,98,174,9,,
poll_offset_001.json,poll_offset,1,measurement,batch-scan-timing,noop,160,1,1,packed-32b,32,32,1888,160,0,0,,,,1,0
poll_offset_001.json,poll_offset,1,cache-state,pre-touch,noop,160,1,1,packed-32b,32,32,1888,160,0,0,100,173,9,,
poll_offset_001.json,poll_offset,1,cache-state,clflush,noop,160,1,1,packed-32b,32,32,1888,160,0,0,98,175,9,,
poll_offset_001.json,poll_offset,1,layout,padded-64b,noop,160,1,1,padded-64b,64,0,3904,160,0,0,94,127,9,,
poll_offset_008.json,poll_offset,8,baseline,packed-32b,noop,160,8,1,packed-32b,32,32,2400,160,0,0,98,172,9,,
poll_offset_008.json,poll_offset,8,prefetch,prefetch-1-lines,noop,160,8,1,packed-32b,32,32,2400,160,0,0,97,162,9,,
poll_offset_008.json,poll_offset,8,prefetch,prefetch-2-lines,noop,160,8,1,packed-32b,32,32,2400,160,0,0,98,170,9,,
poll_offset_008.json,poll_offset,8,prefetch,prefetch-4-lines,noop,160,8,1,packed-32b,32,32,2400,160,0,0,98,172,9,,
poll_offset_008.json,poll_offset,8,measurement,batch-scan-timing,noop,160,8,1,packed-32b,32,32,2400,160,0,0,,,,1,0
poll_offset_008.json,poll_offset,8,cache-state,pre-touch,noop,160,8,1,packed-32b,32,32,2400,160,0,0,97,171,9,,
poll_offset_008.json,poll_offset,8,cache-state,clflush,noop,160,8,1,packed-32b,32,32,2400,160,0,0,98,179,9,,
poll_offset_008.json,poll_offset,8,layout,padded-64b,noop,160,8,1,padded-64b,64,0,384,160,0,0,91,134,9,,
poll_offset_016.json,poll_offset,16,baseline,packed-32b,noop,160,16,1,packed-32b,32,32,2336,160,0,0,96,171,9,,
poll_offset_016.json,poll_offset,16,prefetch,prefetch-1-lines,noop,160,16,1,packed-32b,32,32,2336,160,0,0,94,167,9,,
poll_offset_016.json,poll_offset,16,prefetch,prefetch-2-lines,noop,160,16,1,packed-32b,32,32,2336,160,0,0,96,172,9,,
poll_offset_016.json,poll_offset,16,prefetch,prefetch-4-lines,noop,160,16,1,packed-32b,32,32,2336,160,0,0,96,172,9,,
poll_offset_016.json,poll_offset,16,measurement,batch-scan-timing,noop,160,16,1,packed-32b,32,32,2336,160,0,0,,,,2,1
poll_offset_016.json,poll_offset,16,cache-state,pre-touch,noop,160,16,1,packed-32b,32,32,2336,160,0,0,96,171,9,,
poll_offset_016.json,poll_offset,16,cache-state,clflush,noop,160,16,1,packed-32b,32,32,2336,160,0,0,96,174,9,,
poll_offset_016.json,poll_offset,16,layout,padded-64b,noop,160,16,1,padded-64b,64,0,2944,160,0,0,93,130,9,,
poll_offset_032.json,poll_offset,32,baseline,packed-32b,noop,160,32,1,packed-32b,32,0,1984,160,0,0,92,172,9,,
poll_offset_032.json,poll_offset,32,prefetch,prefetch-1-lines,noop,160,32,1,packed-32b,32,0,1984,160,0,0,93,160,9,,
poll_offset_032.json,poll_offset,32,prefetch,prefetch-2-lines,noop,160,32,1,packed-32b,32,0,1984,160,0,0,91,170,9,,
poll_offset_032.json,poll_offset,32,prefetch,prefetch-4-lines,noop,160,32,1,packed-32b,32,0,1984,160,0,0,90,168,9,,
poll_offset_032.json,poll_offset,32,measurement,batch-scan-timing,noop,160,32,1,packed-32b,32,0,1984,160,0,0,,,,1,0
poll_offset_032.json,poll_offset,32,cache-state,pre-touch,noop,160,32,1,packed-32b,32,0,1984,160,0,0,87,168,9,,
poll_offset_032.json,poll_offset,32,cache-state,clflush,noop,160,32,1,packed-32b,32,0,1984,160,0,0,87,168,9,,
poll_offset_032.json,poll_offset,32,layout,padded-64b,noop,160,32,1,padded-64b,64,0,2944,160,0,0,92,133,9,,
poll_offset_064.json,poll_offset,64,baseline,packed-32b,noop,160,64,1,packed-32b,32,32,2208,160,0,0,28,162,9,,
poll_offset_064.json,poll_offset,64,prefetch,prefetch-1-lines,noop,160,64,1,packed-32b,32,32,2208,160,0,0,9,155,9,,
poll_offset_064.json,poll_offset,64,prefetch,prefetch-2-lines,noop,160,64,1,packed-32b,32,32,2208,160,0,0,9,163,9,,
poll_offset_064.json,poll_offset,64,prefetch,prefetch-4-lines,noop,160,64,1,packed-32b,32,32,2208,160,0,0,28,163,9,,
poll_offset_064.json,poll_offset,64,measurement,batch-scan-timing,noop,160,64,1,packed-32b,32,32,2208,160,0,0,,,,2,1
poll_offset_064.json,poll_offset,64,cache-state,pre-touch,noop,160,64,1,packed-32b,32,32,2208,160,0,0,18,160,9,,
poll_offset_064.json,poll_offset,64,cache-state,clflush,noop,160,64,1,packed-32b,32,32,2208,160,0,0,9,161,9,,
poll_offset_064.json,poll_offset,64,layout,padded-64b,noop,160,64,1,padded-64b,64,0,2624,160,0,0,85,131,9,,
poll_offset_096.json,poll_offset,96,baseline,packed-32b,noop,160,96,1,packed-32b,32,0,1920,160,0,0,9,160,9,,
poll_offset_096.json,poll_offset,96,prefetch,prefetch-1-lines,noop,160,96,1,packed-32b,32,0,1920,160,0,0,9,148,9,,
poll_offset_096.json,poll_offset,96,prefetch,prefetch-2-lines,noop,160,96,1,packed-32b,32,0,1920,160,0,0,9,161,9,,
poll_offset_096.json,poll_offset,96,prefetch,prefetch-4-lines,noop,160,96,1,packed-32b,32,0,1920,160,0,0,9,161,9,,
poll_offset_096.json,poll_offset,96,measurement,batch-scan-timing,noop,160,96,1,packed-32b,32,0,1920,160,0,0,,,,2,1
poll_offset_096.json,poll_offset,96,cache-state,pre-touch,noop,160,96,1,packed-32b,32,0,1920,160,0,0,9,155,9,,
poll_offset_096.json,poll_offset,96,cache-state,clflush,noop,160,96,1,packed-32b,32,0,1920,160,0,0,9,158,9,,
poll_offset_096.json,poll_offset,96,layout,padded-64b,noop,160,96,1,padded-64b,64,0,960,160,0,0,14,130,9,,
poll_offset_112.json,poll_offset,112,baseline,packed-32b,noop,160,112,1,packed-32b,32,32,1248,160,0,0,9,162,9,,
poll_offset_112.json,poll_offset,112,prefetch,prefetch-1-lines,noop,160,112,1,packed-32b,32,32,1248,160,0,0,9,135,9,,
poll_offset_112.json,poll_offset,112,prefetch,prefetch-2-lines,noop,160,112,1,packed-32b,32,32,1248,160,0,0,9,160,9,,
poll_offset_112.json,poll_offset,112,prefetch,prefetch-4-lines,noop,160,112,1,packed-32b,32,32,1248,160,0,0,9,165,9,,
poll_offset_112.json,poll_offset,112,measurement,batch-scan-timing,noop,160,112,1,packed-32b,32,32,1248,160,0,0,,,,1,0
poll_offset_112.json,poll_offset,112,cache-state,pre-touch,noop,160,112,1,packed-32b,32,32,1248,160,0,0,9,159,9,,
poll_offset_112.json,poll_offset,112,cache-state,clflush,noop,160,112,1,packed-32b,32,32,1248,160,0,0,9,161,9,,
poll_offset_112.json,poll_offset,112,layout,padded-64b,noop,160,112,1,padded-64b,64,0,960,160,0,0,11,134,9,,
poll_submit_batch_01.json,poll_submit_batch,1,baseline,packed-32b,noop,160,1,1,packed-32b,32,0,1280,160,0,0,98,345,9,,
poll_submit_batch_01.json,poll_submit_batch,1,prefetch,prefetch-1-lines,noop,160,1,1,packed-32b,32,0,1280,160,0,0,92,356,9,,
poll_submit_batch_01.json,poll_submit_batch,1,prefetch,prefetch-2-lines,noop,160,1,1,packed-32b,32,0,1280,160,0,0,96,357,9,,
poll_submit_batch_01.json,poll_submit_batch,1,prefetch,prefetch-4-lines,noop,160,1,1,packed-32b,32,0,1280,160,0,0,97,353,9,,
poll_submit_batch_01.json,poll_submit_batch,1,measurement,batch-scan-timing,noop,160,1,1,packed-32b,32,0,1280,160,0,0,,,,1,0
poll_submit_batch_01.json,poll_submit_batch,1,cache-state,pre-touch,noop,160,1,1,packed-32b,32,0,1280,160,0,0,97,342,9,,
poll_submit_batch_01.json,poll_submit_batch,1,cache-state,clflush,noop,160,1,1,packed-32b,32,0,1280,160,0,0,96,346,9,,
poll_submit_batch_01.json,poll_submit_batch,1,layout,padded-64b,noop,160,1,1,padded-64b,64,0,3072,160,0,0,95,129,9,,
poll_submit_batch_02.json,poll_submit_batch,2,baseline,packed-32b,noop,160,1,1,packed-32b,32,0,1280,160,0,0,97,173,9,,
poll_submit_batch_02.json,poll_submit_batch,2,poll-submit-batch,configured,noop,160,1,2,packed-32b,32,0,1280,160,0,0,91,176,9,,
poll_submit_batch_02.json,poll_submit_batch,2,prefetch,prefetch-1-lines,noop,160,1,1,packed-32b,32,0,1280,160,0,0,97,168,9,,
poll_submit_batch_02.json,poll_submit_batch,2,prefetch,prefetch-2-lines,noop,160,1,1,packed-32b,32,0,1280,160,0,0,98,173,9,,
poll_submit_batch_02.json,poll_submit_batch,2,prefetch,prefetch-4-lines,noop,160,1,1,packed-32b,32,0,1280,160,0,0,98,172,9,,
poll_submit_batch_02.json,poll_submit_batch,2,measurement,batch-scan-timing,noop,160,1,1,packed-32b,32,0,1280,160,0,0,,,,1,0
poll_submit_batch_02.json,poll_submit_batch,2,cache-state,pre-touch,noop,160,1,1,packed-32b,32,0,1280,160,0,0,97,171,9,,
poll_submit_batch_02.json,poll_submit_batch,2,cache-state,clflush,noop,160,1,1,packed-32b,32,0,1280,160,0,0,97,171,9,,
poll_submit_batch_02.json,poll_submit_batch,2,layout,padded-64b,noop,160,1,1,padded-64b,64,0,3072,160,0,0,95,123,9,,
poll_submit_batch_04.json,poll_submit_batch,4,baseline,packed-32b,noop,160,1,1,packed-32b,32,0,1280,160,0,0,99,170,9,,
poll_submit_batch_04.json,poll_submit_batch,4,poll-submit-batch,configured,noop,160,1,4,packed-32b,32,0,1280,160,0,0,39,173,9,,
poll_submit_batch_04.json,poll_submit_batch,4,prefetch,prefetch-1-lines,noop,160,1,1,packed-32b,32,0,1280,160,0,0,98,156,9,,
poll_submit_batch_04.json,poll_submit_batch,4,prefetch,prefetch-2-lines,noop,160,1,1,packed-32b,32,0,1280,160,0,0,99,172,9,,
poll_submit_batch_04.json,poll_submit_batch,4,prefetch,prefetch-4-lines,noop,160,1,1,packed-32b,32,0,1280,160,0,0,99,169,9,,
poll_submit_batch_04.json,poll_submit_batch,4,measurement,batch-scan-timing,noop,160,1,1,packed-32b,32,0,1280,160,0,0,,,,1,0
poll_submit_batch_04.json,poll_submit_batch,4,cache-state,pre-touch,noop,160,1,1,packed-32b,32,0,1280,160,0,0,97,168,9,,
poll_submit_batch_04.json,poll_submit_batch,4,cache-state,clflush,noop,160,1,1,packed-32b,32,0,1280,160,0,0,97,172,9,,
poll_submit_batch_04.json,poll_submit_batch,4,layout,padded-64b,noop,160,1,1,padded-64b,64,0,3072,160,0,0,94,129,9,,
poll_submit_batch_08.json,poll_submit_batch,8,baseline,packed-32b,noop,160,1,1,packed-32b,32,0,1280,160,0,0,98,174,9,,
poll_submit_batch_08.json,poll_submit_batch,8,poll-submit-batch,configured,noop,160,1,8,packed-32b,32,0,1280,160,0,0,9,165,9,,
poll_submit_batch_08.json,poll_submit_batch,8,prefetch,prefetch-1-lines,noop,160,1,1,packed-32b,32,0,1280,160,0,0,97,166,9,,
poll_submit_batch_08.json,poll_submit_batch,8,prefetch,prefetch-2-lines,noop,160,1,1,packed-32b,32,0,1280,160,0,0,98,174,9,,
poll_submit_batch_08.json,poll_submit_batch,8,prefetch,prefetch-4-lines,noop,160,1,1,packed-32b,32,0,1280,160,0,0,98,174,9,,
poll_submit_batch_08.json,poll_submit_batch,8,measurement,batch-scan-timing,noop,160,1,1,packed-32b,32,0,1280,160,0,0,,,,1,0
poll_submit_batch_08.json,poll_submit_batch,8,cache-state,pre-touch,noop,160,1,1,packed-32b,32,0,1280,160,0,0,98,173,9,,
poll_submit_batch_08.json,poll_submit_batch,8,cache-state,clflush,noop,160,1,1,packed-32b,32,0,1280,160,0,0,98,172,9,,
poll_submit_batch_08.json,poll_submit_batch,8,layout,padded-64b,noop,160,1,1,padded-64b,64,0,3072,160,0,0,94,129,9,,
poll_submit_batch_16.json,poll_submit_batch,16,baseline,packed-32b,noop,160,1,1,packed-32b,32,0,1280,160,0,0,97,172,9,,
poll_submit_batch_16.json,poll_submit_batch,16,poll-submit-batch,configured,noop,160,1,16,packed-32b,32,0,1280,160,0,0,9,151,9,,
poll_submit_batch_16.json,poll_submit_batch,16,prefetch,prefetch-1-lines,noop,160,1,1,packed-32b,32,0,1280,160,0,0,97,164,9,,
poll_submit_batch_16.json,poll_submit_batch,16,prefetch,prefetch-2-lines,noop,160,1,1,packed-32b,32,0,1280,160,0,0,97,173,9,,
poll_submit_batch_16.json,poll_submit_batch,16,prefetch,prefetch-4-lines,noop,160,1,1,packed-32b,32,0,1280,160,0,0,97,169,9,,
poll_submit_batch_16.json,poll_submit_batch,16,measurement,batch-scan-timing,noop,160,1,1,packed-32b,32,0,1280,160,0,0,,,,1,0
poll_submit_batch_16.json,poll_submit_batch,16,cache-state,pre-touch,noop,160,1,1,packed-32b,32,0,1280,160,0,0,97,170,9,,
poll_submit_batch_16.json,poll_submit_batch,16,cache-state,clflush,noop,160,1,1,packed-32b,32,0,1280,160,0,0,97,170,9,,
poll_submit_batch_16.json,poll_submit_batch,16,layout,padded-64b,noop,160,1,1,padded-64b,64,0,3072,160,0,0,94,129,9,,
