workload,spin,k_prefill,median_submit_ns,p90_submit_ns,p99_submit_ns,avg_prefill_submit_tsc_ticks,median_prefill_submit_ns,median_post_submit_completion_ns,min_completed,max_completed
noop,0,96,12.0,13,14,689.42,303.0,11325.0,96,96
noop,0,108,13.0,13,14,764.84,305.0,11983.5,108,108
noop,0,112,12.0,13,13,767.22,353.0,12487.0,112,112
noop,0,114,107.0,108,112,4239.4,348.0,12562.5,114,114
noop,0,115,106.0,109,112,1036.43,323.5,12633.5,115,115
noop,0,116,105.0,109,111,605.18,266.0,12694.0,116,116
noop,0,120,104.0,109,110,1505.58,682.0,12735.0,120,120
noop,0,124,104.0,109,111,2440.44,1106.5,12773.0,124,124
noop,0,128,104.0,109,110,3440.05,1532.5,12764.0,128,128
noop,0,136,104.0,109,110,7900.82,2386.5,12756.5,136,136
noop,0,144,104.0,109,110,7175.52,3231.0,12802.5,144,144
noop,0,160,104.0,109,110,10963.95,4926.0,12902.5,160,160
noop,1,96,13.0,14,17,18439.62,8031.5,3756.0,96,96
noop,1,108,13.0,13,14,20196.43,9186.0,3119.5,108,108
noop,1,112,9.0,11,12,20774.11,9399.0,3122.5,112,112
noop,1,114,9.0,9,9,21171.4,9602.0,3046.0,114,114
noop,1,115,9.0,9,9,21397.86,9708.0,3051.0,115,115
noop,1,116,9.0,9,9,21676.04,9815.0,2987.0,116,116
noop,1,120,9.0,10,11,23304.65,10241.0,3179.5,120,120
noop,1,124,9.0,9,9,23597.41,10667.0,3260.0,124,124
noop,1,128,9.0,9,9,24447.95,11092.0,3220.0,128,128
noop,1,136,9.0,9,9,26482.29,11935.0,3173.0,136,136
noop,1,144,9.0,9,9,28173.67,12783.0,3200.0,144,144
noop,1,160,9.0,9,11,32315.84,14474.5,3326.0,160,160
noop,2,96,13.0,14,16,19557.52,8665.0,3074.0,96,96
noop,2,108,12.0,13,14,21678.75,9831.0,2495.5,108,108
noop,2,112,9.0,11,12,22145.53,10029.0,2515.0,112,112
noop,2,114,9.0,9,9,22566.95,10241.0,2412.0,114,114
noop,2,115,9.0,9,9,22855.55,10348.0,2422.0,115,115
noop,2,116,9.0,9,9,23024.78,10446.0,2563.0,116,116
noop,2,120,9.0,9,10,24293.24,10880.0,2543.0,120,120
noop,2,124,9.0,9,9,24948.19,11299.5,2562.5,124,124
noop,2,128,9.0,9,9,25833.88,11721.0,2556.0,128,128
noop,2,136,9.0,9,9,27698.23,12567.0,2548.0,136,136
noop,2,144,9.0,9,9,29630.94,13413.5,2574.0,144,144
noop,2,160,9.0,9,11,33714.75,15124.0,2690.0,160,160
noop,5,96,12.0,13,13,20861.75,9403.0,2250.0,96,96
noop,5,108,12.0,13,13,23444.27,10681.5,1548.0,108,108
noop,5,112,10.0,11,11,24183.49,10974.0,1737.0,112,112
noop,5,114,9.0,10,10,25021.28,11126.0,1580.5,114,114
noop,5,115,9.0,9,9,24682.2,11199.0,1571.5,115,115
noop,5,116,9.0,9,9,24877.04,11285.0,1499.0,116,116
noop,5,120,9.0,9,9,25854.13,11707.0,1723.0,120,120
noop,5,124,9.0,9,9,26723.08,12139.0,1664.0,124,124
noop,5,128,9.0,9,9,27778.97,12571.5,1711.0,128,128
noop,5,136,9.0,9,9,29580.54,13420.0,1724.0,136,136
noop,5,144,9.0,9,9,31586.02,14273.5,1694.0,144,144
noop,5,160,9.0,9,9,35203.48,15961.5,1757.0,160,160
noop,10,96,12.0,13,13,21900.48,9848.0,1779.0,96,96
noop,10,108,12.0,13,13,24562.13,11134.0,1128.5,108,108
noop,10,112,10.0,12,13,25190.97,11418.5,1295.0,112,112
noop,10,114,10.0,11,11,25629.8,11615.5,1150.5,114,114
noop,10,115,9.0,10,10,25730.6,11662.0,1147.0,115,115
noop,10,116,9.0,9,9,25857.82,11721.5,1078.0,116,116
noop,10,120,9.0,9,9,26776.36,12146.0,1279.0,120,120
noop,10,124,9.0,9,9,27758.18,12573.0,1258.0,124,124
noop,10,128,9.0,9,9,28660.85,12985.0,1320.0,128,128
noop,10,136,9.0,9,9,30546.94,13835.5,1296.0,136,136
noop,10,144,9.0,9,9,32439.27,14686.5,1312.5,144,144
noop,10,160,9.0,9,9,36155.75,16389.5,1351.0,160,160
noop,20,96,13.0,13,13,22319.91,10067.0,1584.0,96,96
noop,20,108,13.0,13,13,25054.51,11355.0,1050.0,108,108
noop,20,112,10.0,12,13,25697.61,11627.0,1002.5,112,112
noop,20,114,9.0,10,10,26036.59,11817.0,938.0,114,114
noop,20,115,9.0,9,9,26080.17,11833.0,954.5,115,115
noop,20,116,9.0,9,9,26363.98,11946.0,931.0,116,116
noop,20,120,9.0,9,9,27263.52,12368.5,1038.0,120,120
noop,20,124,9.0,9,9,28208.92,12791.0,1074.0,124,124
noop,20,128,9.0,9,9,29158.06,13219.0,996.0,128,128
noop,20,136,9.0,9,9,31066.16,14080.0,1096.0,136,136
noop,20,144,9.0,9,9,32876.75,14913.0,1038.0,144,144
noop,20,160,9.0,9,9,36616.56,16613.0,1120.0,160,160
noop,50,96,13.0,13,13,23264.89,10325.0,1269.0,96,96
noop,50,108,13.0,13,14,25689.78,11627.5,858.0,108,108
noop,50,112,12.0,13,13,26587.68,12063.0,897.0,112,112
noop,50,114,13.0,13,13,27075.55,12260.0,898.5,114,114
noop,50,115,12.0,13,13,27154.14,12310.5,959.0,115,115
noop,50,116,12.0,13,13,27337.31,12404.0,862.0,116,116
noop,50,120,12.0,13,13,28307.2,12846.0,902.0,120,120
noop,50,124,12.0,13,13,29325.76,13283.0,953.0,124,124
noop,50,128,12.0,13,13,30265.4,13713.0,955.5,128,128
noop,50,136,12.0,13,13,32182.66,14566.5,999.0,136,136
noop,50,144,12.0,13,13,34076.49,15441.5,1042.0,144,144
noop,50,160,12.0,13,13,37865.03,17165.0,1142.0,160,160
noop,100,96,12.0,13,13,42832.66,19711.5,362.0,96,96
noop,100,108,10.0,10,11,39532.6,17762.0,328.0,108,108
noop,100,112,10.0,10,11,40644.33,18439.5,335.0,112,112
noop,100,114,10.0,10,10,41396.98,18766.0,334.0,114,114
noop,100,115,9.0,10,10,39224.8,17103.0,346.5,115,115
noop,100,116,10.0,10,10,41862.24,19106.0,334.0,116,116
noop,100,120,10.0,10,11,43649.11,19788.0,343.0,120,120
noop,100,124,10.0,10,11,44936.14,20397.5,353.0,124,124
noop,100,128,9.0,10,10,46662.84,21056.0,368.0,128,128
noop,100,136,9.0,10,10,45875.67,20177.5,359.0,136,136
noop,100,144,10.0,10,10,51965.63,23723.5,395.0,144,144
noop,100,160,9.0,10,11,55692.44,26222.0,429.0,160,160
noop,1000,96,12.0,13,14,530417.95,242201.0,744.0,96,96
noop,1000,108,9.0,13,13,482044.71,196871.5,757.0,108,108
noop,1000,112,9.0,10,13,478493.9,204582.0,806.5,112,112
noop,1000,114,12.0,13,13,615456.57,278278.0,859.0,114,114
noop,1000,115,10.0,11,12,513981.86,232177.5,828.0,115,115
noop,1000,116,9.0,9,9,463232.68,210144.0,807.0,116,116
noop,1000,120,9.0,10,10,493657.82,217821.5,826.0,120,120
noop,1000,124,9.0,9,9,494659.5,224448.5,835.0,124,124
noop,1000,128,9.0,9,9,511194,231939.0,850.0,128,128
noop,1000,136,9.0,12,13,591456.27,247378.5,927.0,136,136
noop,1000,144,12.0,13,13,768345.2,351621.0,1024.5,144,144
noop,1000,160,9.0,10,10,659736.04,290490.5,1057.0,160,160
noop,10000,96,9.0,12,13,4572069.93,1995435.5,777.0,96,96
noop,10000,108,9.0,12,13,4959194.32,2040883.0,816.0,108,108
noop,10000,112,9.0,10,12,4893424.16,2104572.0,862.0,112,112
noop,10000,114,9.0,10,13,4924416.66,2132137.0,860.0,114,114
noop,10000,115,9.0,12,13,5537284.84,2391717.5,711.0,115,115
noop,10000,116,9.0,12,13,5474547.18,2372484.5,558.5,116,116
noop,10000,120,9.0,12,13,5544655.97,2267927.5,573.5,120,120
noop,10000,124,9.0,12,13,5721201.64,2401136.0,580.0,124,124
noop,10000,128,9.0,12,13,5825366.79,2404076.5,597.5,128,128
noop,10000,136,9.0,12,13,6246451.86,2560028.0,717.0,136,136
noop,10000,144,9.0,12,13,6568473.46,2704644.0,722.5,144,144
noop,10000,160,9.0,12,13,7321514.31,3027759.0,835.5,160,160
memmove1m,0,96,39.0,319,878,1141.7,242.0,1008699.0,25,30
memmove1m,0,108,39.0,359,838,1570.51,279.0,1015234.5,23,30
memmove1m,0,112,39.0,399,838,1656.38,271.5,1013166.0,27,36
memmove1m,0,114,107.0,119,715,1484.74,270.0,1009406.0,30,36
memmove1m,0,115,108.0,199,596,1349.61,273.0,1013334.0,29,36
memmove1m,0,116,106.5,119,594,1314.03,276.0,1019503.5,32,35
memmove1m,0,120,107.0,119,198,2114.8,695.0,1010154.0,32,35
memmove1m,0,124,106.0,110,122,3249.19,1118.0,1011682.5,29,36
memmove1m,0,128,105.0,110,240,4244.74,1538.0,1011103.0,32,36
memmove1m,0,136,209.0,281,344,6457.59,2382.0,1010522.5,31,36
memmove1m,0,144,39.0,108,127,8875.18,3533.0,1020616.0,31,36
memmove1m,0,160,105.0,109,153,12044.85,5039.0,1007685.0,33,36
memmove1m,1,96,9.0,9,9,17596.5,7796.5,1011570.0,23,30
memmove1m,1,108,9.0,9,10,20262.38,9069.0,1006416.0,27,30
memmove1m,1,112,9.0,9,10,21279.28,9475.5,1008995.0,27,39
memmove1m,1,114,9.0,9,11,21658.32,9689.0,1015352.5,25,33
memmove1m,1,115,9.0,9,15,21843.25,9786.0,1006743.0,30,33
memmove1m,1,116,9.0,9,11,22130.59,9886.0,1011543.5,30,31
memmove1m,1,120,9.0,9,11,23053.79,10312.5,1015187.0,27,31
memmove1m,1,124,9.0,9,10,23945.92,10754.0,1019560.0,30,33
memmove1m,1,128,9.0,9,11,24910.36,11160.0,1011564.5,30,33
memmove1m,1,136,9.0,9,11,26774.34,12008.0,1019540.5,27,33
memmove1m,1,144,9.0,9,11,28619.96,12856.0,1015189.0,30,33
memmove1m,1,160,9.0,9,11,32390.84,14544.0,1019812.0,28,33
memmove1m,2,96,9.0,9,11,18879.31,8445.0,1011811.5,27,30
memmove1m,2,108,9.0,9,12,21697.45,9726.0,1006601.5,27,30
memmove1m,2,112,9.0,9,15,22674.68,10115.5,1014027.5,23,36
memmove1m,2,114,9.0,9,10,23733.52,10316.0,1013784.5,33,63
memmove1m,2,115,9.0,9,10,23159.68,10433.0,1018519.0,32,36
memmove1m,2,116,9.0,9,10,23162.51,10510.0,1005162.5,33,34
memmove1m,2,120,9.0,9,12,24203.08,10948.0,1010763.5,30,34
memmove1m,2,124,9.0,9,10,25156.71,11367.0,1014739.0,33,35
memmove1m,2,128,9.0,9,10,26004.63,11784.0,1018652.5,33,35
memmove1m,2,136,9.0,9,10,27949.28,12631.5,1017398.5,29,35
memmove1m,2,144,9.0,10,12,29786.21,13483.0,1009927.0,33,36
memmove1m,2,160,9.0,9,10,33454.98,15163.5,1023480.5,30,37
memmove1m,5,96,9.0,9,10,20571.21,9270.5,1010937.0,27,30
memmove1m,5,108,9.0,9,11,23453.9,10557.0,1004770.0,23,30
memmove1m,5,112,9.0,9,10,24475.81,10945.0,1008998.5,27,33
memmove1m,5,114,9.0,10,12,24678.94,11154.0,1014171.5,31,33
memmove1m,5,115,9.0,9,10,25197.4,11257.0,1007606.5,30,33
memmove1m,5,116,9.0,9,11,25080.23,11358.0,1010019.0,26,33
memmove1m,5,120,9.0,9,10,26198.96,11795.0,1014700.0,30,33
memmove1m,5,124,9.0,9,12,26972.81,12203.0,1018137.5,30,33
memmove1m,5,128,9.0,9,12,28025.6,12634.5,1020275.0,27,33
memmove1m,5,136,9.0,9,10,29689.26,13460.0,1019779.0,30,33
memmove1m,5,144,9.0,9,10,31628.89,14308.0,1010257.0,28,33
memmove1m,5,160,9.0,9,10,35281.44,15986.0,1022907.5,31,34
memmove1m,10,96,9.0,9,10,21531.65,9695.0,1010668.5,23,30
memmove1m,10,108,9.0,9,11,24314.76,10953.5,1004022.5,27,30
memmove1m,10,112,9.0,9,10,25356.1,11376.0,1009808.0,27,112
memmove1m,10,114,9.0,9,10,25736.33,11583.0,1012994.0,27,33
memmove1m,10,115,9.0,9,11,25847.23,11677.5,1002964.5,30,33
memmove1m,10,116,9.0,9,11,25994.87,11777.0,1009325.5,30,33
memmove1m,10,120,9.0,9,10,27029.49,12217.0,1014219.5,27,33
memmove1m,10,124,9.0,9,10,27909.03,12640.0,1017188.0,30,33
memmove1m,10,128,9.0,9,10,28786.39,13052.5,1018634.5,30,33
memmove1m,10,136,9.0,9,12,30700.72,13897.0,1019325.5,27,33
memmove1m,10,144,9.0,9,10,32659.28,14724.5,1013046.5,31,34
memmove1m,10,160,9.0,9,10,36213.3,16412.0,1024559.0,27,34
memmove1m,20,96,9.0,9,9,22025.5,9909.0,1011887.0,26,33
memmove1m,20,108,9.0,9,12,24799.8,11174.5,1004530.5,27,30
memmove1m,20,112,9.0,9,11,25843.25,11591.5,1011664.5,23,33
memmove1m,20,114,9.0,9,9,26053.09,11793.5,1019481.5,29,33
memmove1m,20,115,9.0,9,9,26444.46,11907.5,1011015.0,30,33
memmove1m,20,116,9.0,9,10,26595.37,12009.0,1014795.5,27,33
memmove1m,20,120,9.0,9,12,27396.69,12414.0,1018196.5,29,33
memmove1m,20,124,9.0,9,9,28532.76,12843.0,1005327.5,30,33
memmove1m,20,128,9.0,9,9,29339.81,13260.5,1003814.0,26,33
memmove1m,20,136,9.0,11,12,31252.32,14119.0,1008397.0,28,33
memmove1m,20,144,9.0,11,29,33152.15,14971.5,1015941.5,29,34
memmove1m,20,160,9.0,12,13,37112.89,16676.5,1009390.0,32,34
memmove1m,50,96,9.0,12,13,23907.19,10806.5,1012774.0,23,30
memmove1m,50,108,9.0,12,13,26535.98,12069.5,1006151.0,26,31
memmove1m,50,112,9.0,12,12,27815.63,12627.0,1014029.5,24,31
memmove1m,50,114,9.0,12,12,28049.23,12696.0,1007246.0,26,30
memmove1m,50,115,10.0,12,13,28405.53,12918.5,1012232.5,26,30
memmove1m,50,116,9.0,12,13,28690.57,12929.5,1020282.0,25,30
memmove1m,50,120,9.0,12,13,29346.78,13326.0,1020113.0,26,30
memmove1m,50,124,9.0,12,13,30532.32,13766.0,1015805.0,23,30
memmove1m,50,128,9.0,12,13,31491.3,14232.5,1008428.5,26,30
memmove1m,50,136,9.0,11,12,33159.95,15018.5,1006723.5,27,30
memmove1m,50,144,9.0,12,12,35225.04,16001.5,1016263.5,25,31
memmove1m,50,160,9.0,12,13,38879.61,17567.0,1007349.0,28,79
memmove1m,100,96,9.0,12,13,38168.54,16053.5,1011327.5,22,30
memmove1m,100,108,9.0,12,13,42262.74,17561.0,1006878.5,25,31
memmove1m,100,112,9.0,12,13,43585.61,18333.0,1013694.0,26,30
memmove1m,100,114,9.0,10,12,41440.65,18060.5,1005746.5,24,30
memmove1m,100,115,9.0,12,13,44503.64,18785.0,1008951.5,23,30
memmove1m,100,116,9.0,12,13,45650.36,19215.0,1019909.0,25,30
memmove1m,100,120,9.0,12,12,46108.85,19097.0,1019340.5,23,31
memmove1m,100,124,9.0,12,13,47622.8,19648.5,1014664.0,26,30
memmove1m,100,128,9.0,12,13,49681.5,20261.0,1008222.5,27,30
memmove1m,100,136,9.0,12,12,52525.18,22522.0,1013197.5,23,30
memmove1m,100,144,9.0,12,13,55710.71,23683.5,1019837.5,28,31
memmove1m,100,160,9.0,12,13,118942.03,26164.0,1015704.0,23,135
memmove1m,1000,96,9.0,12,13,443178.77,194583.0,1013211.5,30,34
memmove1m,1000,108,9.0,12,13,489008.23,217302.5,1009641.0,28,36
memmove1m,1000,112,9.0,12,13,507824.3,213817.0,1015881.0,31,37
memmove1m,1000,114,9.0,12,13,503950.88,209187.5,1010179.0,31,38
memmove1m,1000,115,9.0,12,13,524405.97,231446.5,1012035.0,30,38
memmove1m,1000,116,9.0,12,13,516693.51,217882.5,1005716.5,31,37
memmove1m,1000,120,9.0,12,13,534060.13,222671.5,1005406.0,30,38
memmove1m,1000,124,9.0,12,13,569163.63,250948.0,1009231.0,27,38
memmove1m,1000,128,9.0,12,13,563041.02,234045.5,1013136.0,32,38
memmove1m,1000,136,9.0,10,13,567267.85,247766.0,1010576.5,28,90
memmove1m,1000,144,9.0,12,13,650604.8,264984.0,1005866.0,32,38
memmove1m,1000,160,9.0,12,13,749518.58,323792.0,1018920.0,35,43
memmove1m,10000,96,9.0,12,13,4502212.87,1861659.5,1004689.5,77,96
memmove1m,10000,108,10.0,12,13,5417112.67,2322587.5,1000940.0,84,108
memmove1m,10000,112,9.0,12,12,5381669.93,2369935.5,1009242.5,86,112
memmove1m,10000,114,9.0,12,13,5588548.22,2434197.5,1007844.0,86,114
memmove1m,10000,115,9.0,12,13,5502796.88,2248267.5,1007046.5,81,115
memmove1m,10000,116,9.0,11,12,5263766.38,2231262.0,1010070.0,89,116
memmove1m,10000,120,9.0,12,12,5679609.05,2378372.5,1008586.0,88,120
memmove1m,10000,124,9.0,12,13,5938399.13,2398920.5,1007726.5,87,122
memmove1m,10000,128,9.0,12,13,6009416.53,2485623.0,1009001.0,94,124
memmove1m,10000,136,9.0,12,13,6380595.46,2627387.0,1007833.5,89,132
memmove1m,10000,144,9.0,12,13,6888066.48,3039853.0,1007540.0,104,136
memmove1m,10000,160,9.0,12,13,7697928.86,3410726.5,1006911.5,111,148
