workload,gap_tsc_ticks,k_prefill,samples,median_submit_ns,p90_submit_ns,p99_submit_ns,median_prefill_submit_tsc_ticks,avg_prefill_submit_tsc_ticks,median_post_submit_completion_tsc_ticks,min_prefill_completed,max_prefill_completed,min_trace_completed,max_trace_completed,min_trace_missing,max_trace_missing,trace_errors_max,drain_completed_samples,drain_incomplete_samples,drain_statuses
noop,0,96,10,44.0,118,197,714.0,749,23495.0,96,96,97,97,0,0,0,10,0,1
noop,0,114,10,216.0,221,225,803.0,857.4,28412.0,114,114,115,115,0,0,0,10,0,1
noop,0,128,10,215.5,218,219,3489.0,3550.4,29731.0,128,128,129,129,0,0,0,10,0,1
noop,0,160,10,215.0,219,224,11775.0,11833.2,28451.0,160,160,161,161,0,0,0,10,0,1
noop,0,192,10,216.0,218,221,19401.0,19471.4,28590.0,192,192,193,193,0,0,0,10,0,1
noop,0,224,10,216.5,219,221,27100.0,27145.4,28956.0,224,224,225,225,0,0,0,10,0,1
noop,0,256,10,211.5,215,215,34775.0,34818.6,28916.0,256,256,257,257,0,0,0,10,0,1
noop,0,288,10,215.0,221,223,42355.0,42407.8,29853.0,288,288,289,289,0,0,0,10,0,1
noop,0,320,10,217.0,219,223,50086.0,50124.8,31888.0,320,320,321,321,0,0,0,10,0,1
noop,1,96,10,13.0,13,14,5009.0,5335.8,19894.0,96,96,97,97,0,0,0,10,0,1
noop,1,114,10,22.0,205,206,7960.0,7808.2,21529.0,114,114,115,115,0,0,0,10,0,1
noop,1,128,10,12.0,13,206,8711.0,8602.2,24651.0,128,128,129,129,0,0,0,10,0,1
noop,1,160,10,216.5,218,220,11858.0,11913.4,29619.0,160,160,161,161,0,0,0,10,0,1
noop,1,192,10,215.5,217,221,19428.0,19493.2,30121.0,192,192,193,193,0,0,0,10,0,1
noop,1,224,10,215.0,217,217,27098.0,27167.8,30002.0,224,224,225,225,0,0,0,10,0,1
noop,1,256,10,212.0,216,217,34794.0,34838,28848.0,256,256,257,257,0,0,0,10,0,1
noop,1,288,10,215.5,218,221,42400.0,42445.2,29091.0,288,288,289,289,0,0,0,10,0,1
noop,1,320,10,216.5,217,223,50006.0,50072.6,29326.0,320,320,321,321,0,0,0,10,0,1
noop,10,96,10,13.0,13,13,4983.0,5318.6,19635.0,96,96,97,97,0,0,0,10,0,1
noop,10,114,10,13.0,32,267,8321.0,8006.8,20886.0,114,114,115,115,0,0,0,10,0,1
noop,10,128,10,214.5,238,720,17414.0,17438.2,15305.0,128,128,129,129,0,0,0,10,0,1
noop,10,160,10,212.5,218,221,24070.0,24385.2,14548.0,160,160,161,161,0,0,0,10,0,1
noop,10,192,10,212.0,218,223,32308.0,32363.8,18508.0,192,192,193,193,0,0,0,10,0,1
noop,10,224,10,217.0,217,217,27169.0,27211.4,28877.0,224,224,225,225,0,0,0,10,0,1
noop,10,256,10,216.0,221,222,34763.0,34812.6,29551.0,256,256,257,257,0,0,0,10,0,1
noop,10,288,10,213.5,216,221,41603.0,41683.6,29021.0,288,288,289,289,0,0,0,10,0,1
noop,10,320,10,216.5,223,228,50142.0,50175.6,32279.0,320,320,321,321,0,0,0,10,0,1
noop,25,96,10,12.0,13,13,9553.0,9622,15381.0,96,96,97,97,0,0,0,10,0,1
noop,25,114,10,12.0,13,13,10367.0,10503.6,18770.0,114,114,115,115,0,0,0,10,0,1
noop,25,128,10,12.0,13,13,11175.0,11202,22305.0,128,128,129,129,0,0,0,10,0,1
noop,25,160,10,12.5,16,68,13175.0,13194.8,28378.0,160,160,161,161,0,0,0,10,0,1
noop,25,192,10,216.0,217,223,19465.0,19506.4,28624.0,192,192,193,193,0,0,0,10,0,1
noop,25,224,10,215.5,216,217,27165.0,27232.6,28862.0,224,224,225,225,0,0,0,10,0,1
noop,25,256,10,216.0,217,219,34777.0,34817.4,28907.0,256,256,257,257,0,0,0,10,0,1
noop,25,288,10,216.5,218,220,42433.0,42484,29098.0,288,288,289,289,0,0,0,10,0,1
noop,25,320,10,217.0,221,221,50113.0,50128.6,29190.0,320,320,321,321,0,0,0,10,0,1
noop,50,96,10,12.0,13,13,11334.0,11321.2,13566.0,96,96,97,97,0,0,0,10,0,1
noop,50,114,10,13.0,13,13,12513.0,12693.6,17408.0,114,114,115,115,0,0,0,10,0,1
noop,50,128,10,13.0,13,13,13829.0,13955.4,18689.0,128,128,129,129,0,0,0,10,0,1
noop,50,160,10,12.0,13,13,16144.0,16171.4,25304.0,160,160,161,161,0,0,0,10,0,1
noop,50,192,10,215.0,216,216,19471.0,19562.8,30065.0,192,192,193,193,0,0,0,10,0,1
noop,50,224,10,216.5,219,225,27135.0,27180.2,29809.0,224,224,225,225,0,0,0,10,0,1
noop,50,256,10,217.5,219,220,41719.0,43835,23417.0,256,256,257,257,0,0,0,10,0,1
noop,50,288,10,216.0,217,219,42499.0,42527.8,29064.0,288,288,289,289,0,0,0,10,0,1
noop,50,320,10,215.0,217,217,50149.0,50172.6,29236.0,320,320,321,321,0,0,0,10,0,1
noop,100,96,10,12.0,12,13,14828.0,14947.4,10601.0,96,96,97,97,0,0,0,10,0,1
noop,100,114,10,13.0,13,13,17269.0,17396.6,12599.0,114,114,115,115,0,0,0,10,0,1
noop,100,128,10,12.5,13,13,18797.0,18954.2,13781.0,128,128,129,129,0,0,0,10,0,1
noop,100,160,10,12.0,13,13,22946.0,22999.2,17354.0,160,160,161,161,0,0,0,10,0,1
noop,100,192,10,209.0,217,220,31624.0,31770.4,14920.0,192,192,193,193,0,0,0,10,0,1
noop,100,224,10,210.5,215,248,40190.0,40289.6,16350.0,224,224,225,225,0,0,0,10,0,1
noop,100,256,10,216.5,218,219,34909.0,34993,28817.0,256,256,257,257,0,0,0,10,0,1
noop,100,288,10,209.0,211,212,41225.0,41249.8,28485.0,288,288,289,289,0,0,0,10,0,1
noop,100,320,10,217.0,219,223,50150.0,50205.2,31837.0,320,320,321,321,0,0,0,10,0,1
noop,150,96,10,12.0,13,13,20962.0,20921,5056.0,96,96,97,97,0,0,0,10,0,1
noop,150,114,10,13.0,13,13,23923.0,23957,6333.0,114,114,115,115,0,0,0,10,0,1
noop,150,128,10,12.0,13,14,26288.0,26373.4,8667.0,128,128,129,129,0,0,0,10,0,1
noop,150,160,10,12.0,13,13,32434.0,32450.8,9176.0,160,160,161,161,0,0,0,10,0,1
noop,150,192,10,12.0,13,13,38204.0,38161.6,10317.0,192,192,193,193,0,0,0,10,0,1
noop,150,224,10,12.0,13,13,43982.0,43991.2,13421.0,224,224,225,225,0,0,0,10,0,1
noop,150,256,10,13.0,13,13,49718.0,49876.4,14130.0,256,256,257,257,0,0,0,10,0,1
noop,150,288,10,10.0,11,11,52716.0,52908.6,17511.0,288,288,289,289,0,0,0,10,0,1
noop,150,320,10,12.0,13,13,61487.0,61497.6,20785.0,320,320,321,321,0,0,0,10,0,1
noop,200,96,10,12.0,13,13,24072.0,24214.6,1738.0,96,96,97,97,0,0,0,10,0,1
noop,200,114,10,10.5,11,11,27020.0,27261,2725.0,114,114,115,115,0,0,0,10,0,1
noop,200,128,10,12.5,13,13,31344.0,31473.8,3098.0,128,128,129,129,0,0,0,10,0,1
noop,200,160,10,12.0,13,13,38483.0,38560.6,2638.0,160,160,161,161,0,0,0,10,0,1
noop,200,192,10,12.0,13,13,46591.0,46563.4,4837.0,192,192,193,193,0,0,0,10,0,1
noop,200,224,10,12.0,13,13,52835.0,52897.6,4099.0,224,224,225,225,0,0,0,10,0,1
noop,200,256,10,12.5,13,13,60289.0,60316.4,5187.0,256,256,257,257,0,0,0,10,0,1
noop,200,288,10,12.0,13,13,67391.0,67478.2,6303.0,288,288,289,289,0,0,0,10,0,1
noop,200,320,10,12.5,13,13,74348.0,74714.2,10389.0,320,320,321,321,0,0,0,10,0,1
noop,300,96,10,12.0,13,13,33496.0,33606.6,1878.0,96,96,97,97,0,0,0,10,0,1
noop,300,114,10,12.0,13,13,39448.0,39475.6,2013.0,114,114,115,115,0,0,0,10,0,1
noop,300,128,10,12.0,12,13,43992.0,44094.4,2364.0,128,128,129,129,0,0,0,10,0,1
noop,300,160,10,12.5,13,13,54401.0,54454,1146.0,160,160,161,161,0,0,0,10,0,1
noop,300,192,10,13.0,13,13,66546.0,66471.2,1567.0,192,192,193,193,0,0,0,10,0,1
noop,300,224,10,12.0,13,13,75337.0,75320,1523.0,224,224,225,225,0,0,0,10,0,1
noop,300,256,10,12.0,13,13,85800.0,86780.6,1710.0,256,256,257,257,0,0,0,10,0,1
noop,300,288,10,12.5,13,13,96301.0,97208.8,2776.0,288,288,289,289,0,0,0,10,0,1
noop,300,320,10,12.0,13,14,106993.0,107663.8,2035.0,320,320,321,321,0,0,0,10,0,1
1MiB,0,96,10,39.0,119,159,557.0,794.4,2226184.0,29,30,97,97,0,0,0,10,0,1
1MiB,0,114,10,211.0,237,263,597.0,714.2,2237242.0,29,30,115,115,0,0,0,10,0,1
1MiB,0,128,10,214.0,218,236,3445.0,3564.4,2258010.0,30,30,129,129,0,0,0,10,0,1
1MiB,0,160,10,212.0,216,218,11182.0,11404.8,2229072.0,30,31,131,131,30,30,0,10,0,1
1MiB,0,192,10,213.5,216,216,18643.0,18823.6,2247154.0,30,31,131,131,62,62,0,10,0,1
1MiB,0,224,10,209.0,218,219,26157.0,29315.4,2275219.0,30,31,131,131,94,94,0,10,0,1
1MiB,0,256,10,209.0,218,219,33978.0,35098.4,2306208.0,29,32,131,132,125,126,0,10,0,1
1MiB,0,288,10,211.5,216,218,41127.0,41411,2309893.0,30,32,131,132,157,158,0,10,0,1
1MiB,0,320,10,209.0,217,219,48456.0,48806.4,2253612.0,30,32,131,132,189,190,0,10,0,1
1MiB,1,96,10,78.0,278,279,6213.0,6388.4,2220726.0,29,30,97,97,0,0,0,10,0,1
1MiB,1,114,10,9.0,13,13,9038.0,8437.6,2232343.0,29,30,115,115,0,0,0,10,0,1
1MiB,1,128,10,9.0,9,12,9409.0,11005.2,2243429.0,29,30,129,129,0,0,0,10,0,1
1MiB,1,160,10,213.5,216,217,12793.0,12805.6,2229888.0,30,30,131,131,30,30,0,10,0,1
1MiB,1,192,10,209.0,215,221,20121.0,19919.6,2264299.0,30,31,131,131,62,62,0,10,0,1
1MiB,1,224,10,210.5,217,217,27112.0,26965.8,2277577.0,29,31,131,131,94,94,0,10,0,1
1MiB,1,256,10,214.0,217,217,35116.0,34895,2245065.0,29,32,131,132,125,126,0,10,0,1
1MiB,1,288,10,211.0,214,215,42626.0,42728,2318221.0,30,32,131,132,157,158,0,10,0,1
1MiB,1,320,10,213.0,217,223,49860.0,49790,2256013.0,31,32,131,132,189,190,0,10,0,1
1MiB,10,96,10,10.5,77,78,8513.0,7996.2,2229141.0,29,30,97,97,0,0,0,10,0,1
1MiB,10,114,10,9.0,11,12,9026.0,8696,2230970.0,29,30,115,115,0,0,0,10,0,1
1MiB,10,128,10,9.0,12,12,9431.0,9610.4,2252600.0,29,30,129,129,0,0,0,10,0,1
1MiB,10,160,10,212.0,215,218,12885.0,12792.2,2221676.0,30,31,131,131,30,30,0,10,0,1
1MiB,10,192,10,212.5,217,223,20094.0,19800.8,2259536.0,29,31,131,131,62,62,0,10,0,1
1MiB,10,224,10,211.0,216,217,27800.0,27824.4,2276551.0,30,31,131,131,94,94,0,10,0,1
1MiB,10,256,10,210.0,219,225,34667.0,34820.2,2309905.0,29,32,131,132,125,126,0,10,0,1
1MiB,10,288,10,213.0,219,221,41970.0,43192.2,2272803.0,30,33,131,132,157,158,0,10,0,1
1MiB,10,320,10,212.0,219,221,48753.0,49278,2327219.0,31,32,131,132,189,190,0,10,0,1
1MiB,25,96,10,9.0,12,13,7586.0,7506.6,2222369.0,29,30,97,97,0,0,0,10,0,1
1MiB,25,114,10,9.0,11,13,10329.0,9544.6,2233792.0,29,30,115,115,0,0,0,10,0,1
1MiB,25,128,10,9.0,10,13,11211.0,10415.6,2246700.0,30,30,129,129,0,0,0,10,0,1
1MiB,25,160,10,170.0,210,216,13213.0,13199.6,2245612.0,30,31,131,131,30,30,0,10,0,1
1MiB,25,192,10,214.0,218,219,19825.0,19643.8,2263701.0,30,31,131,131,62,62,0,10,0,1
1MiB,25,224,10,213.0,218,223,26460.0,26590,2290705.0,30,31,131,131,94,94,0,10,0,1
1MiB,25,256,10,213.5,218,218,34216.0,34491.8,2309398.0,29,32,131,132,125,126,0,10,0,1
1MiB,25,288,10,214.5,216,216,43104.0,42735.4,2279033.0,30,32,131,132,157,158,0,10,0,1
1MiB,25,320,10,215.0,218,219,50602.0,50231.6,2310980.0,31,33,131,132,189,190,0,10,0,1
1MiB,50,96,10,10.0,13,13,8791.0,9787,2243768.0,29,30,97,97,0,0,0,10,0,1
1MiB,50,114,10,9.0,12,13,13556.0,13623.2,2224254.0,29,30,115,115,0,0,0,10,0,1
1MiB,50,128,10,9.5,13,228,14727.0,14166.6,2247161.0,30,31,129,129,0,0,0,10,0,1
1MiB,50,160,10,10.0,12,12,16658.0,16732.6,2242219.0,30,31,131,131,30,30,0,10,0,1
1MiB,50,192,10,211.0,217,219,19940.0,19583.2,2259460.0,30,31,131,131,62,62,0,10,0,1
1MiB,50,224,10,210.5,218,221,26538.0,26806,2270401.0,30,31,131,131,94,94,0,10,0,1
1MiB,50,256,10,217.0,220,221,34040.0,34291.2,2296695.0,29,32,131,132,125,126,0,10,0,1
1MiB,50,288,10,212.5,217,221,41130.0,41491.6,2280375.0,30,32,131,132,157,158,0,10,0,1
1MiB,50,320,10,212.0,217,222,50138.0,50034.4,2285846.0,30,32,131,132,189,190,0,10,0,1
1MiB,100,96,10,9.0,11,13,16277.0,15284.4,2215746.0,29,30,97,97,0,0,0,10,0,1
1MiB,100,114,10,9.5,10,13,18207.0,17352.8,2224081.0,29,30,115,115,0,0,0,10,0,1
1MiB,100,128,10,9.5,13,13,19949.0,19102.4,2244899.0,30,31,129,129,0,0,0,10,0,1
1MiB,100,160,10,9.5,13,13,23787.0,23383.6,2219255.0,30,31,131,131,30,30,0,10,0,1
1MiB,100,192,10,10.5,12,12,28319.0,28122.6,2260080.0,30,31,131,131,62,62,0,10,0,1
1MiB,100,224,10,9.5,12,13,31301.0,30990.6,2267578.0,30,32,131,131,94,94,0,10,0,1
1MiB,100,256,10,210.0,219,221,35531.0,35355,2240140.0,29,32,131,132,125,126,0,10,0,1
1MiB,100,288,10,209.0,217,220,42978.0,43624.4,2278787.0,30,31,131,132,157,158,0,10,0,1
1MiB,100,320,10,214.0,216,218,50303.0,50631.6,2303513.0,30,32,131,132,189,190,0,10,0,1
1MiB,150,96,10,10.0,12,13,20863.0,19643.4,2233997.0,29,30,97,97,0,0,0,10,0,1
1MiB,150,114,10,9.0,12,13,23564.0,23277.4,2227522.0,29,31,115,115,0,0,0,10,0,1
1MiB,150,128,10,10.0,13,13,26861.0,26121,2237386.0,29,31,129,129,0,0,0,10,0,1
1MiB,150,160,10,10.0,13,13,32158.0,31478.2,2246416.0,30,31,131,131,30,30,0,10,0,1
1MiB,150,192,10,10.5,13,13,38116.0,37959.8,2260274.0,28,31,131,131,62,62,0,10,0,1
1MiB,150,224,10,9.5,13,13,43777.0,42964.8,2263078.0,30,31,131,131,94,94,0,10,0,1
1MiB,150,256,10,10.0,13,13,49436.0,48816.4,2298513.0,30,32,131,132,125,126,0,10,0,1
1MiB,150,288,10,10.0,13,13,54597.0,54488.4,2241300.0,30,32,131,132,157,158,0,10,0,1
1MiB,150,320,10,9.0,10,13,60562.0,60326,2313274.0,31,32,131,132,189,190,0,10,0,1
1MiB,200,96,10,10.0,12,13,25346.0,25237.6,2230137.0,29,30,97,97,0,0,0,10,0,1
1MiB,200,114,10,9.5,13,13,29542.0,28912.4,2217952.0,30,30,115,115,0,0,0,10,0,1
1MiB,200,128,10,9.0,10,13,32643.0,31757.8,2228651.0,30,31,129,129,0,0,0,10,0,1
1MiB,200,160,10,10.0,13,13,39527.0,38783.6,2262336.0,30,31,131,131,30,30,0,10,0,1
1MiB,200,192,10,10.0,12,13,44166.0,45209.6,2255520.0,30,31,131,131,62,62,0,10,0,1
1MiB,200,224,10,10.0,12,13,54465.0,53907.6,2254566.0,30,31,131,131,94,94,0,10,0,1
1MiB,200,256,10,10.0,12,12,61340.0,60571,2293739.0,31,32,131,132,125,126,0,10,0,1
1MiB,200,288,10,10.0,12,13,67867.0,67548.6,2254701.0,30,32,131,132,157,158,0,10,0,1
1MiB,200,320,10,10.0,11,13,75820.0,75098.6,2293043.0,30,32,131,132,189,190,0,10,0,1
1MiB,300,96,10,9.0,13,13,34635.0,34559.4,2213332.0,29,31,97,97,0,0,0,10,0,1
1MiB,300,114,10,10.0,12,13,39939.0,39250.2,2224679.0,30,31,115,115,0,0,0,10,0,1
1MiB,300,128,10,9.5,12,13,44965.0,44812.8,2237341.0,30,31,129,129,0,0,0,10,0,1
1MiB,300,160,10,9.5,12,12,55310.0,55070.8,2263427.0,30,31,131,131,30,30,0,10,0,1
1MiB,300,192,10,10.0,13,13,65674.0,65069.8,2271517.0,30,32,131,132,61,62,0,10,0,1
1MiB,300,224,10,10.0,12,12,76209.0,75982.2,2257036.0,30,32,131,132,93,94,0,10,0,1
1MiB,300,256,10,10.0,13,13,87169.0,86965.8,2288368.0,31,33,131,132,125,126,0,10,0,1
1MiB,300,288,10,9.5,12,12,97077.0,97403.4,2260169.0,30,33,131,132,157,158,0,10,0,1
1MiB,300,320,10,9.0,12,13,107029.0,106734.8,2279990.0,31,33,131,132,189,190,0,10,0,1
10MiB,0,96,10,39.0,478,759,534.0,608.4,2235779.0,3,3,97,97,0,0,0,10,0,1
10MiB,0,114,10,208.0,234,272,644.0,825.4,2215145.0,3,3,115,115,0,0,0,10,0,1
10MiB,0,128,10,216.0,219,318,3385.0,3486,2248382.0,3,3,129,129,0,0,0,10,0,1
10MiB,0,160,10,209.0,213,214,11148.0,11275,2247798.0,3,3,131,131,30,30,0,10,0,1
10MiB,0,192,10,211.0,217,221,18593.0,18673.6,2223392.0,3,3,131,131,62,62,0,10,0,1
10MiB,0,224,10,209.0,213,215,26058.0,26160.4,2293130.0,3,3,131,131,94,94,0,10,0,1
10MiB,0,256,10,208.5,211,213,33518.0,33597.2,2243781.0,3,3,131,131,126,126,0,10,0,1
10MiB,0,288,10,212.5,221,221,40950.0,41096,2209322.0,3,3,131,131,158,158,0,10,0,1
10MiB,0,320,10,209.5,216,216,48388.0,48524.4,2272782.0,3,3,131,131,190,190,0,10,0,1
10MiB,1,96,10,9.0,22,76,8429.0,8350,2229589.0,3,3,97,97,0,0,0,10,0,1
10MiB,1,114,10,9.0,9,9,8931.0,8714.2,2208825.0,3,3,115,115,0,0,0,10,0,1
10MiB,1,128,10,9.0,9,11,9317.0,9106.2,2243802.0,3,3,129,129,0,0,0,10,0,1
10MiB,1,160,10,209.0,214,216,12682.0,12801.2,2249495.0,3,3,131,131,30,30,0,10,0,1
10MiB,1,192,10,208.0,216,216,20329.0,20264.6,2222495.0,3,3,131,131,62,62,0,10,0,1
10MiB,1,224,10,212.0,220,222,27412.0,27318.4,2231184.0,3,3,131,131,94,94,0,10,0,1
10MiB,1,256,10,210.5,214,217,35087.0,35020.8,2234913.0,3,3,131,131,126,126,0,10,0,1
10MiB,1,288,10,212.0,217,217,42366.0,42293.2,2234551.0,3,3,131,131,158,158,0,10,0,1
10MiB,1,320,10,212.0,217,227,49903.0,49956.4,2278172.0,3,3,131,131,190,190,0,10,0,1
10MiB,10,96,10,9.0,11,66,8474.0,8204.4,2230130.0,3,3,97,97,0,0,0,10,0,1
10MiB,10,114,10,9.0,9,10,9042.0,8094.6,2215913.0,2,3,115,115,0,0,0,10,0,1
10MiB,10,128,10,9.0,9,9,9412.0,9305,2244839.0,3,3,129,129,0,0,0,10,0,1
10MiB,10,160,10,210.0,216,221,12593.0,12719.8,2243110.0,3,3,131,131,30,30,0,10,0,1
10MiB,10,192,10,212.0,218,223,20390.0,20348.2,2241699.0,3,3,131,131,62,62,0,10,0,1
10MiB,10,224,10,211.5,215,215,27734.0,27678.4,2218629.0,3,3,131,131,94,94,0,10,0,1
10MiB,10,256,10,209.5,215,222,35384.0,35105.6,2239646.0,3,3,131,131,126,126,0,10,0,1
10MiB,10,288,10,212.5,217,218,42623.0,42427.8,2222461.0,3,3,131,131,158,158,0,10,0,1
10MiB,10,320,10,212.5,217,217,49489.0,49697.8,2292349.0,3,3,131,131,190,190,0,10,0,1
10MiB,25,96,10,9.0,9,10,9812.0,9076.2,2228860.0,3,3,97,97,0,0,0,10,0,1
10MiB,25,114,10,9.0,10,11,10521.0,10134,2208998.0,3,3,115,115,0,0,0,10,0,1
10MiB,25,128,10,9.0,11,12,11165.0,10136,2243430.0,3,3,129,129,0,0,0,10,0,1
10MiB,25,160,10,215.0,217,219,12850.0,12925.2,2245560.0,3,3,131,131,30,30,0,10,0,1
10MiB,25,192,10,212.5,217,218,20348.0,20289.8,2227132.0,3,3,131,131,62,62,0,10,0,1
10MiB,25,224,10,215.0,220,221,27847.0,27544,2226728.0,3,3,131,131,94,94,0,10,0,1
10MiB,25,256,10,210.5,216,217,35143.0,34906.2,2250529.0,3,3,131,131,126,126,0,10,0,1
10MiB,25,288,10,212.0,217,217,42705.0,44895.4,2226858.0,3,3,131,131,158,158,0,10,0,1
10MiB,25,320,10,209.0,216,217,50261.0,50064,2276840.0,3,3,131,131,190,190,0,10,0,1
10MiB,50,96,10,9.0,10,10,12214.0,11435,2225667.0,3,3,97,97,0,0,0,10,0,1
10MiB,50,114,10,9.0,9,11,13824.0,13475.4,2203970.0,3,3,115,115,0,0,0,10,0,1
10MiB,50,128,10,9.0,11,86,14574.0,13964.2,2239313.0,3,3,129,129,0,0,0,10,0,1
10MiB,50,160,10,9.5,10,12,16768.0,16660,2259570.0,3,3,131,131,30,30,0,10,0,1
10MiB,50,192,10,212.0,216,217,20174.0,19865.4,2249075.0,3,3,131,131,62,62,0,10,0,1
10MiB,50,224,10,212.0,216,217,27516.0,27303.4,2224248.0,3,3,131,131,94,94,0,10,0,1
10MiB,50,256,10,9.0,9,9,42958.0,42813.4,2237219.0,3,3,131,131,126,126,0,10,0,1
10MiB,50,288,10,214.5,217,220,41882.0,41950,2305893.0,3,3,131,131,158,158,0,10,0,1
10MiB,50,320,10,212.5,214,214,49876.0,49888.8,2276795.0,3,3,131,131,190,190,0,10,0,1
10MiB,100,96,10,9.0,9,11,16218.0,16233,2233955.0,3,3,97,97,0,0,0,10,0,1
10MiB,100,114,10,9.0,10,10,18416.0,18439.8,2250334.0,3,3,115,115,0,0,0,10,0,1
10MiB,100,128,10,9.0,10,10,20105.0,20179,2247254.0,3,3,129,129,0,0,0,10,0,1
10MiB,100,160,10,9.0,10,10,24078.0,24204.6,2245459.0,3,3,131,131,30,30,0,10,0,1
10MiB,100,192,10,9.0,10,12,28103.0,28407,2253215.0,3,3,131,131,62,62,0,10,0,1
10MiB,100,224,10,9.0,10,11,31427.0,31914.2,2234234.0,3,3,131,131,94,94,0,10,0,1
10MiB,100,256,10,206.5,215,215,35971.0,36147.4,2222474.0,3,3,131,131,126,126,0,10,0,1
10MiB,100,288,10,216.5,220,221,42421.0,42651,2308704.0,3,3,131,131,158,158,0,10,0,1
10MiB,100,320,10,216.0,221,227,49947.0,49987,2288319.0,3,3,131,131,190,190,0,10,0,1
10MiB,150,96,10,9.0,10,11,21040.0,21070.8,2225823.0,3,3,97,97,0,0,0,10,0,1
10MiB,150,114,10,9.0,10,13,24573.0,24431.2,2249809.0,3,3,115,115,0,0,0,10,0,1
10MiB,150,128,10,9.0,10,15,26906.0,26788.4,2230611.0,3,3,129,129,0,0,0,10,0,1
10MiB,150,160,10,9.0,10,16,32513.0,32277.6,2229246.0,3,3,131,131,30,30,0,10,0,1
10MiB,150,192,10,9.0,10,12,38396.0,38589.8,2238613.0,3,3,131,131,62,62,0,10,0,1
10MiB,150,224,10,9.0,10,14,43359.0,42833.2,2269632.0,3,3,131,131,94,94,0,10,0,1
10MiB,150,256,10,9.0,10,10,49405.0,49454.6,2233652.0,3,3,131,131,126,126,0,10,0,1
10MiB,150,288,10,9.0,10,10,54909.0,56224.2,2288479.0,3,3,131,131,158,158,0,10,0,1
10MiB,150,320,10,9.5,10,11,60727.0,60575.4,2349606.0,3,3,131,131,190,190,0,10,0,1
10MiB,200,96,10,9.0,10,10,25393.0,25193.2,2226278.0,3,3,97,97,0,0,0,10,0,1
10MiB,200,114,10,9.0,9,10,29462.0,29464,2229636.0,3,3,115,115,0,0,0,10,0,1
10MiB,200,128,10,9.0,9,12,32363.0,32449.4,2236777.0,3,3,129,129,0,0,0,10,0,1
10MiB,200,160,10,9.0,10,10,39733.0,39703.4,2229338.0,3,3,131,131,30,30,0,10,0,1
10MiB,200,192,10,9.0,10,11,47212.0,47174.8,2262118.0,3,3,131,131,62,62,0,10,0,1
10MiB,200,224,10,10.0,10,11,54152.0,54078.8,2298922.0,3,3,131,131,94,94,0,10,0,1
10MiB,200,256,10,9.0,9,9,61096.0,61129.4,2228863.0,3,3,131,131,126,126,0,10,0,1
10MiB,200,288,10,9.0,10,11,68434.0,68421.2,2287904.0,3,3,131,131,158,158,0,10,0,1
10MiB,200,320,10,9.0,10,317,75025.0,75318.4,2287542.0,3,3,131,131,190,190,0,10,0,1
10MiB,300,96,10,9.0,10,10,34484.0,34447.4,2219810.0,3,3,97,97,0,0,0,10,0,1
10MiB,300,114,10,9.0,10,12,40463.0,40510.6,2244766.0,3,3,115,115,0,0,0,10,0,1
10MiB,300,128,10,9.0,10,10,44923.0,44676.6,2225183.0,3,3,129,129,0,0,0,10,0,1
10MiB,300,160,10,9.0,9,10,55235.0,55864.4,2237394.0,3,3,131,131,30,30,0,10,0,1
10MiB,300,192,10,9.0,10,11,65996.0,66092.8,2278238.0,3,3,131,131,62,62,0,10,0,1
10MiB,300,224,10,9.0,10,10,76108.0,76042.2,2292673.0,3,3,131,131,94,94,0,10,0,1
10MiB,300,256,10,9.0,10,10,86293.0,86146,2221495.0,3,3,131,131,126,126,0,10,0,1
10MiB,300,288,10,9.0,9,10,96877.0,96867.4,2287017.0,3,3,131,131,158,158,0,10,0,1
10MiB,300,320,10,9.0,9,10,107173.0,107403.4,2251737.0,3,3,131,131,190,190,0,10,0,1
100MiB,0,96,1,79,79,79,1672,1672,2242616,0,0,16,16,81,81,0,0,1,255
100MiB,0,114,1,204,204,204,1352,1352,2260582,0,0,16,16,99,99,0,0,1,255
100MiB,0,128,1,205,205,205,4260,4260,2269820,0,0,16,16,113,113,0,0,1,255
100MiB,0,160,1,209,209,209,12198,12198,2214660,0,0,16,16,145,145,0,0,1,255
100MiB,0,192,1,215,215,215,19552,19552,2267018,0,0,16,16,177,177,0,0,1,255
100MiB,0,224,1,208,208,208,26964,26964,2207296,0,0,16,16,209,209,0,0,1,255
100MiB,0,256,1,207,207,207,34600,34600,2241294,0,0,17,17,240,240,0,0,1,255
100MiB,0,288,1,208,208,208,41928,41928,2237766,0,0,16,16,273,273,0,0,1,255
100MiB,0,320,1,212,212,212,49780,49780,2290692,0,0,17,17,304,304,0,0,1,255
100MiB,1,96,1,281,281,281,4404,4404,2250658,0,0,17,17,80,80,0,0,1,255
100MiB,1,114,1,9,9,9,8808,8808,2256454,0,0,16,16,99,99,0,0,1,255
100MiB,1,128,1,9,9,9,9504,9504,2253212,0,0,16,16,113,113,0,0,1,255
100MiB,1,160,1,209,209,209,12526,12526,2224730,0,0,16,16,145,145,0,0,1,255
100MiB,1,192,1,204,204,204,20200,20200,2248150,0,0,16,16,177,177,0,0,1,255
100MiB,1,224,1,208,208,208,27030,27030,2326508,0,0,17,17,208,208,0,0,1,255
100MiB,1,256,1,212,212,212,34788,34788,2256494,0,0,18,18,239,239,0,0,1,255
100MiB,1,288,1,217,217,217,42468,42468,2233138,0,0,18,18,271,271,0,0,1,255
100MiB,1,320,1,210,210,210,49940,49940,2278102,0,0,17,17,304,304,0,0,1,255
100MiB,10,96,1,9,9,9,5252,5252,2244170,0,0,16,16,81,81,0,0,1,255
100MiB,10,114,1,9,9,9,8566,8566,2248560,0,0,16,16,99,99,0,0,1,255
100MiB,10,128,1,91,91,91,5010,5010,2249954,0,0,16,16,113,113,0,0,1,255
100MiB,10,160,1,208,208,208,12304,12304,2226442,0,0,17,17,144,144,0,0,1,255
100MiB,10,192,1,209,209,209,19638,19638,2219900,0,0,16,16,177,177,0,0,1,255
100MiB,10,224,1,209,209,209,26954,26954,2207588,0,0,17,17,208,208,0,0,1,255
100MiB,10,256,1,215,215,215,34856,34856,2247644,0,0,17,17,240,240,0,0,1,255
100MiB,10,288,1,212,212,212,42678,42678,2209558,0,0,18,18,271,271,0,0,1,255
100MiB,10,320,1,207,207,207,49642,49642,2279476,0,0,17,17,304,304,0,0,1,255
100MiB,25,96,1,9,9,9,8610,8610,2235000,0,0,16,16,81,81,0,0,1,255
100MiB,25,114,1,9,9,9,8686,8686,2246530,0,0,17,17,98,98,0,0,1,255
100MiB,25,128,1,10,10,10,9026,9026,2222576,0,0,17,17,112,112,0,0,1,255
100MiB,25,160,1,207,207,207,12360,12360,2225054,0,0,17,17,144,144,0,0,1,255
100MiB,25,192,1,207,207,207,20754,20754,2278960,0,0,16,16,177,177,0,0,1,255
100MiB,25,224,1,213,213,213,27340,27340,2313858,0,0,17,17,208,208,0,0,1,255
100MiB,25,256,1,216,216,216,35284,35284,2253928,0,0,17,17,240,240,0,0,1,255
100MiB,25,288,1,209,209,209,42670,42670,2307146,0,0,17,17,272,272,0,0,1,255
100MiB,25,320,1,207,207,207,49796,49796,2281724,0,0,17,17,304,304,0,0,1,255
100MiB,50,96,1,10,10,10,9218,9218,2216410,0,0,17,17,80,80,0,0,1,255
100MiB,50,114,1,9,9,9,10214,10214,2274478,0,0,17,17,98,98,0,0,1,255
100MiB,50,128,1,10,10,10,14056,14056,2204828,0,0,17,17,112,112,0,0,1,255
100MiB,50,160,1,9,9,9,15766,15766,2229210,0,0,17,17,144,144,0,0,1,255
100MiB,50,192,1,206,206,206,20474,20474,2280054,0,0,17,17,176,176,0,0,1,255
100MiB,50,224,1,209,209,209,28202,28202,2223896,0,0,17,17,208,208,0,0,1,255
100MiB,50,256,1,213,213,213,35672,35672,2241262,0,0,17,17,240,240,0,0,1,255
100MiB,50,288,1,208,208,208,43336,43336,2330674,0,0,17,17,272,272,0,0,1,255
100MiB,50,320,1,206,206,206,49662,49662,2286974,0,0,17,17,304,304,0,0,1,255
100MiB,100,96,1,9,9,9,16886,16886,2211392,0,0,17,17,80,80,0,0,1,255
100MiB,100,114,1,9,9,9,18630,18630,2251094,0,0,17,17,98,98,0,0,1,255
100MiB,100,128,1,9,9,9,19986,19986,2264122,0,0,17,17,112,112,0,0,1,255
100MiB,100,160,1,11,11,11,23598,23598,2252654,0,0,17,17,144,144,0,0,1,255
100MiB,100,192,1,10,10,10,26708,26708,2212478,0,0,17,17,176,176,0,0,1,255
100MiB,100,224,1,9,9,9,30464,30464,2306850,0,0,17,17,208,208,0,0,1,255
100MiB,100,256,1,210,210,210,35806,35806,2312084,0,0,18,18,239,239,0,0,1,255
100MiB,100,288,1,207,207,207,42298,42298,2208436,0,0,17,17,272,272,0,0,1,255
100MiB,100,320,1,214,214,214,50760,50760,2213492,0,0,17,17,304,304,0,0,1,255
100MiB,150,96,1,9,9,9,20880,20880,2214898,0,0,17,17,80,80,0,0,1,255
100MiB,150,114,1,10,10,10,23900,23900,2244406,0,0,17,17,98,98,0,0,1,255
100MiB,150,128,1,9,9,9,26962,26962,2224562,0,0,17,17,112,112,0,0,1,255
100MiB,150,160,1,10,10,10,28970,28970,2229034,0,0,18,18,143,143,0,0,1,255
100MiB,150,192,1,10,10,10,38614,38614,2248664,0,0,17,17,176,176,0,0,1,255
100MiB,150,224,1,9,9,9,42698,42698,2204330,0,0,17,17,208,208,0,0,1,255
100MiB,150,256,1,9,9,9,49090,49090,2337994,0,0,18,18,239,239,0,0,1,255
100MiB,150,288,1,10,10,10,55200,55200,2300794,0,0,17,17,272,272,0,0,1,255
100MiB,150,320,1,10,10,10,61502,61502,2358144,0,0,16,16,305,305,0,0,1,255
100MiB,200,96,1,10,10,10,25756,25756,2247240,0,0,18,18,79,79,0,0,1,255
100MiB,200,114,1,9,9,9,29524,29524,2256826,0,0,17,17,98,98,0,0,1,255
100MiB,200,128,1,13,13,13,33370,33370,2226838,0,0,17,17,112,112,0,0,1,255
100MiB,200,160,1,9,9,9,38742,38742,2219374,0,0,17,17,144,144,0,0,1,255
100MiB,200,192,1,9,9,9,47338,47338,2214506,0,0,17,17,176,176,0,0,1,255
100MiB,200,224,1,10,10,10,54588,54588,2307670,0,0,17,17,208,208,0,0,1,255
100MiB,200,256,1,9,9,9,60654,60654,2219012,0,0,17,17,240,240,0,0,1,255
100MiB,200,288,1,9,9,9,67306,67306,2292510,0,0,17,17,272,272,0,0,1,255
100MiB,200,320,1,9,9,9,74680,74680,2254116,0,0,17,17,304,304,0,0,1,255
100MiB,300,96,1,9,9,9,35186,35186,2238674,0,0,17,17,80,80,0,0,1,255
100MiB,300,114,1,9,9,9,40976,40976,2247952,0,0,17,17,98,98,0,0,1,255
100MiB,300,128,1,9,9,9,45528,45528,2208416,0,0,17,17,112,112,0,0,1,255
100MiB,300,160,1,9,9,9,54646,54646,2231070,0,0,17,17,144,144,0,0,1,255
100MiB,300,192,1,9,9,9,66092,66092,2230724,0,0,17,17,176,176,0,0,1,255
100MiB,300,224,1,11,11,11,77058,77058,2331568,0,0,17,17,208,208,0,0,1,255
100MiB,300,256,1,9,9,9,86110,86110,2212320,0,0,18,18,239,239,0,0,1,255
100MiB,300,288,1,9,9,9,97526,97526,2314180,0,0,18,18,271,271,0,0,1,255
100MiB,300,320,1,9,9,9,106874,106874,2338628,0,0,17,17,304,304,0,0,1,255
1GiB,0,96,1,37,37,37,1846,1846,2241642,0,0,1,1,96,96,0,0,1,255
1GiB,0,114,1,204,204,204,1598,1598,2254320,0,0,1,1,114,114,0,0,1,255
1GiB,0,128,1,386,386,386,4468,4468,2238912,0,0,1,1,128,128,0,0,1,255
1GiB,0,160,1,216,216,216,12528,12528,2248872,0,0,1,1,160,160,0,0,1,255
1GiB,0,192,1,208,208,208,20244,20244,2316512,0,0,1,1,192,192,0,0,1,255
1GiB,0,224,1,215,215,215,27786,27786,2345904,0,0,1,1,224,224,0,0,1,255
1GiB,0,256,1,209,209,209,35058,35058,2242406,0,0,1,1,256,256,0,0,1,255
1GiB,0,288,1,213,213,213,42338,42338,2209770,0,0,1,1,288,288,0,0,1,255
1GiB,0,320,1,215,215,215,50282,50282,2278824,0,0,1,1,320,320,0,0,1,255
1GiB,1,96,1,9,9,9,4452,4452,2241006,0,0,1,1,96,96,0,0,1,255
1GiB,1,114,1,78,78,78,5492,5492,2280412,0,0,1,1,114,114,0,0,1,255
1GiB,1,128,1,9,9,9,9190,9190,2238672,0,0,1,1,128,128,0,0,1,255
1GiB,1,160,1,210,210,210,12450,12450,2246398,0,0,1,1,160,160,0,0,1,255
1GiB,1,192,1,208,208,208,20414,20414,2259168,0,0,1,1,192,192,0,0,1,255
1GiB,1,224,1,209,209,209,28434,28434,2310784,0,0,1,1,224,224,0,0,1,255
1GiB,1,256,1,212,212,212,35096,35096,2236122,0,0,1,1,256,256,0,0,1,255
1GiB,1,288,1,215,215,215,42498,42498,2221846,0,0,1,1,288,288,0,0,1,255
1GiB,1,320,1,208,208,208,50998,50998,2264074,0,0,1,1,320,320,0,0,1,255
1GiB,10,96,1,9,9,9,4962,4962,2204728,0,0,1,1,96,96,0,0,1,255
1GiB,10,114,1,9,9,9,8840,8840,2207596,0,0,1,1,114,114,0,0,1,255
1GiB,10,128,1,9,9,9,9200,9200,2240072,0,0,1,1,128,128,0,0,1,255
1GiB,10,160,1,212,212,212,12716,12716,2237746,0,0,1,1,160,160,0,0,1,255
1GiB,10,192,1,213,213,213,20264,20264,2282016,0,0,1,1,192,192,0,0,1,255
1GiB,10,224,1,210,210,210,27492,27492,2311828,0,0,1,1,224,224,0,0,1,255
1GiB,10,256,1,206,206,206,35578,35578,2220050,0,0,1,1,256,256,0,0,1,255
1GiB,10,288,1,208,208,208,42832,42832,2364796,0,0,1,1,288,288,0,0,1,255
1GiB,10,320,1,124,124,124,50542,50542,2276874,0,0,1,1,320,320,0,0,1,255
1GiB,25,96,1,9,9,9,9724,9724,2232946,0,0,1,1,96,96,0,0,1,255
1GiB,25,114,1,11,11,11,7030,7030,2266892,0,0,1,1,114,114,0,0,1,255
1GiB,25,128,1,9,9,9,10746,10746,2232868,0,0,1,1,128,128,0,0,1,255
1GiB,25,160,1,221,221,221,12510,12510,2242238,0,0,1,1,160,160,0,0,1,255
1GiB,25,192,1,9,9,9,25358,25358,2237658,0,0,1,1,192,192,0,0,1,255
1GiB,25,224,1,217,217,217,28184,28184,2213744,0,0,1,1,224,224,0,0,1,255
1GiB,25,256,1,211,211,211,35834,35834,2236160,0,0,1,1,256,256,0,0,1,255
1GiB,25,288,1,210,210,210,43304,43304,2331134,0,0,1,1,288,288,0,0,1,255
1GiB,25,320,1,216,216,216,50716,50716,2368134,0,0,1,1,320,320,0,0,1,255
1GiB,50,96,1,10,10,10,11372,11372,2225352,0,0,1,1,96,96,0,0,1,255
1GiB,50,114,1,9,9,9,12716,12716,2251128,0,0,1,1,114,114,0,0,1,255
1GiB,50,128,1,10,10,10,13712,13712,2252082,0,0,1,1,128,128,0,0,1,255
1GiB,50,160,1,9,9,9,16456,16456,2223104,0,0,1,1,160,160,0,0,1,255
1GiB,50,192,1,213,213,213,20568,20568,2213194,0,0,1,1,192,192,0,0,1,255
1GiB,50,224,1,210,210,210,28228,28228,2439946,0,0,1,1,224,224,0,0,1,255
1GiB,50,256,1,217,217,217,36190,36190,2376204,0,0,1,1,256,256,0,0,1,255
1GiB,50,288,1,207,207,207,42806,42806,2347672,0,0,1,1,288,288,0,0,1,255
1GiB,50,320,1,206,206,206,50686,50686,2292886,0,0,1,1,320,320,0,0,1,255
1GiB,100,96,1,9,9,9,16564,16564,2241498,0,0,1,1,96,96,0,0,1,255
1GiB,100,114,1,9,9,9,17810,17810,2261234,0,0,1,1,114,114,0,0,1,255
1GiB,100,128,1,10,10,10,20632,20632,2267844,0,0,1,1,128,128,0,0,1,255
1GiB,100,160,1,9,9,9,23068,23068,2284362,0,0,1,1,160,160,0,0,1,255
1GiB,100,192,1,9,9,9,27572,27572,2277372,0,0,1,1,192,192,0,0,1,255
1GiB,100,224,1,9,9,9,45470,45470,2229320,0,0,1,1,224,224,0,0,1,255
1GiB,100,256,1,216,216,216,35338,35338,2241470,0,0,1,1,256,256,0,0,1,255
1GiB,100,288,1,207,207,207,42546,42546,2215706,0,0,1,1,288,288,0,0,1,255
1GiB,100,320,1,211,211,211,49918,49918,2291716,0,0,1,1,320,320,0,0,1,255
1GiB,150,96,1,10,10,10,21356,21356,2213120,0,0,1,1,96,96,0,0,1,255
1GiB,150,114,1,9,9,9,23576,23576,2237332,0,0,1,1,114,114,0,0,1,255
1GiB,150,128,1,9,9,9,27132,27132,2238254,0,0,1,1,128,128,0,0,1,255
1GiB,150,160,1,9,9,9,32294,32294,2222170,0,0,1,1,160,160,0,0,1,255
1GiB,150,192,1,9,9,9,38406,38406,2222324,0,0,1,1,192,192,0,0,1,255
1GiB,150,224,1,11,11,11,43658,43658,2326548,0,0,1,1,224,224,0,0,1,255
1GiB,150,256,1,9,9,9,49648,49648,2348348,0,0,1,1,256,256,0,0,1,255
1GiB,150,288,1,9,9,9,54516,54516,2222454,0,0,1,1,288,288,0,0,1,255
1GiB,150,320,1,9,9,9,62298,62298,2374050,0,0,1,1,320,320,0,0,1,255
1GiB,200,96,1,9,9,9,25406,25406,2230526,0,0,1,1,96,96,0,0,1,255
1GiB,200,114,1,9,9,9,29596,29596,2233882,0,0,1,1,114,114,0,0,1,255
1GiB,200,128,1,9,9,9,32704,32704,2240414,0,0,1,1,128,128,0,0,1,255
1GiB,200,160,1,9,9,9,39056,39056,2205464,0,0,1,1,160,160,0,0,1,255
1GiB,200,192,1,9,9,9,46984,46984,2311206,0,0,1,1,192,192,0,0,1,255
1GiB,200,224,1,9,9,9,53390,53390,2302334,0,0,1,1,224,224,0,0,1,255
1GiB,200,256,1,10,10,10,63210,63210,2221594,0,0,1,1,256,256,0,0,1,255
1GiB,200,288,1,9,9,9,67888,67888,2329090,0,0,1,1,288,288,0,0,1,255
1GiB,200,320,1,10,10,10,78310,78310,2348882,0,0,1,1,320,320,0,0,1,255
1GiB,300,96,1,9,9,9,34812,34812,2229350,0,0,1,1,96,96,0,0,1,255
1GiB,300,114,1,9,9,9,40320,40320,2237500,0,0,1,1,114,114,0,0,1,255
1GiB,300,128,1,9,9,9,45016,45016,2225242,0,0,1,1,128,128,0,0,1,255
1GiB,300,160,1,9,9,9,55166,55166,2214944,0,0,1,1,160,160,0,0,1,255
1GiB,300,192,1,9,9,9,66288,66288,2290108,0,0,1,1,192,192,0,0,1,255
1GiB,300,224,1,10,10,10,77838,77838,2217528,0,0,1,1,224,224,0,0,1,255
1GiB,300,256,1,9,9,9,86566,86566,2241884,0,0,1,1,256,256,0,0,1,255
1GiB,300,288,1,9,9,9,96654,96654,2219922,0,0,1,1,288,288,0,0,1,255
1GiB,300,320,1,10,10,10,108914,108914,2379504,0,0,1,1,320,320,0,0,1,255
