workload,gap_tsc_ticks,k_prefill,submitted,samples,median_submit_ns,p90_submit_ns,p99_submit_ns,median_prefill_submit_tsc_ticks,avg_prefill_submit_tsc_ticks,median_post_submit_completion_tsc_ticks,min_prefill_completed,max_prefill_completed,median_hardware_observed,min_hardware_observed,max_hardware_observed,min_trace_missing,max_trace_missing,trace_errors_max,drain_completed_samples,drain_incomplete_samples,drain_statuses
noop,0,96,97,10,33.0,45,73,661.0,718,23564.0,96,96,97.0,97,97,0,0,0,10,0,1
noop,0,114,115,10,215.5,220,222,791.0,850.4,28433.0,114,114,115.0,115,115,0,0,0,10,0,1
noop,0,128,129,10,207.5,209,215,17174.0,17214.8,14905.0,128,128,129.0,129,129,0,0,0,10,0,1
noop,0,160,161,10,210.5,215,215,24840.0,21550.2,14493.0,160,160,161.0,161,161,0,0,0,10,0,1
noop,0,192,193,10,215.0,221,222,19336.0,19444.8,29727.0,192,192,193.0,193,193,0,0,0,10,0,1
noop,0,224,225,10,212.0,215,219,39750.0,40251,17237.0,224,224,225.0,225,225,0,0,0,10,0,1
noop,0,256,257,10,207.5,217,228,47394.0,47633.6,17341.0,256,256,257.0,257,257,0,0,0,10,0,1
noop,0,288,289,10,215.0,216,217,42338.0,42410.8,29447.0,288,288,289.0,289,289,0,0,0,10,0,1
noop,0,320,321,10,209.0,215,216,63032.0,64261.4,18926.0,320,320,321.0,321,321,0,0,0,10,0,1
noop,1,96,97,10,13.0,14,14,5008.0,5323.6,20003.0,96,96,97.0,97,97,0,0,0,10,0,1
noop,1,114,115,10,212.5,232,235,14186.0,14211.4,14936.0,114,114,115.0,115,115,0,0,0,10,0,1
noop,1,128,129,10,12.0,13,109,8709.0,8538,24627.0,128,128,129.0,129,129,0,0,0,10,0,1
noop,1,160,161,10,209.0,220,240,24994.0,26230.8,16256.0,160,160,161.0,161,161,0,0,0,10,0,1
noop,1,192,193,10,208.0,217,222,28554.0,26509.6,21498.0,192,192,193.0,193,193,0,0,0,10,0,1
noop,1,224,225,10,211.5,215,217,39580.0,41088.4,18047.0,224,224,225.0,225,225,0,0,0,10,0,1
noop,1,256,257,10,216.0,218,222,34690.0,34740.8,29236.0,256,256,257.0,257,257,0,0,0,10,0,1
noop,1,288,289,10,208.5,217,219,55495.0,52694.2,17175.0,288,288,289.0,289,289,0,0,0,10,0,1
noop,1,320,321,10,212.0,229,237,62870.0,63404.2,17476.0,320,320,321.0,321,321,0,0,0,10,0,1
noop,10,96,97,10,212.5,221,234,9884.0,10027.6,16810.0,96,96,97.0,97,97,0,0,0,10,0,1
noop,10,114,115,10,12.0,13,13,4701.0,4755,23185.0,114,114,115.0,115,115,0,0,0,10,0,1
noop,10,128,129,10,12.0,13,13,5280.0,5338.2,26031.0,128,128,129.0,129,129,0,0,0,10,0,1
noop,10,160,161,10,209.0,213,217,24818.0,25014.4,15137.0,160,160,161.0,161,161,0,0,0,10,0,1
noop,10,192,193,10,210.0,216,217,19482.0,19528.6,28431.0,192,192,193.0,193,193,0,0,0,10,0,1
noop,10,224,225,10,216.0,217,227,27086.0,27135.2,28797.0,224,224,225.0,225,225,0,0,0,10,0,1
noop,10,256,257,10,212.0,216,239,47650.0,49503,16080.0,256,256,257.0,257,257,0,0,0,10,0,1
noop,10,288,289,10,206.5,218,221,54988.0,52002.4,19416.0,288,288,289.0,289,289,0,0,0,10,0,1
noop,10,320,321,10,214.5,216,221,49729.0,49717.2,29016.0,320,320,321.0,321,321,0,0,0,10,0,1
noop,25,96,97,10,12.0,13,14,9259.0,9162.2,15868.0,96,96,97.0,97,97,0,0,0,10,0,1
noop,25,114,115,10,208.5,213,215,14015.0,14160.4,14863.0,114,114,115.0,115,115,0,0,0,10,0,1
noop,25,128,129,10,208.0,219,221,17265.0,17333.2,16448.0,128,128,129.0,129,129,0,0,0,10,0,1
noop,25,160,161,10,209.5,219,221,25186.0,25201.8,18113.0,160,160,161.0,161,161,0,0,0,10,0,1
noop,25,192,193,10,213.0,219,374,32658.0,32856.2,15518.0,192,192,193.0,193,193,0,0,0,10,0,1
noop,25,224,225,10,211.0,227,549,40212.0,41914.2,16156.0,224,224,225.0,225,225,0,0,0,10,0,1
noop,25,256,257,10,212.5,219,219,48205.0,45213,18473.0,256,256,257.0,257,257,0,0,0,10,0,1
noop,25,288,289,10,214.5,223,223,42439.0,42480,29459.0,288,288,289.0,289,289,0,0,0,10,0,1
noop,25,320,321,10,211.0,222,222,63486.0,64605.2,17363.0,320,320,321.0,321,321,0,0,0,10,0,1
noop,50,96,97,10,14.0,18,111,12439.0,12376.2,14533.0,96,96,97.0,97,97,0,0,0,10,0,1
noop,50,114,115,10,13.0,13,14,12618.0,12519.4,16663.0,114,114,115.0,115,115,0,0,0,10,0,1
noop,50,128,129,10,213.0,217,218,17372.0,17511.4,14859.0,128,128,129.0,129,129,0,0,0,10,0,1
noop,50,160,161,10,207.0,213,216,25009.0,25182,15412.0,160,160,161.0,161,161,0,0,0,10,0,1
noop,50,192,193,10,217.0,220,222,19531.0,19616,28391.0,192,192,193.0,193,193,0,0,0,10,0,1
noop,50,224,225,10,211.5,215,217,40454.0,40501.4,16079.0,224,224,225.0,225,225,0,0,0,10,0,1
noop,50,256,257,10,215.0,217,219,34814.0,34855,29236.0,256,256,257.0,257,257,0,0,0,10,0,1
noop,50,288,289,10,217.0,217,218,42445.0,42497.4,28864.0,288,288,289.0,289,289,0,0,0,10,0,1
noop,50,320,321,10,217.0,218,220,50111.0,50171,29093.0,320,320,321.0,321,321,0,0,0,10,0,1
noop,100,96,97,10,13.0,14,14,15553.0,15598.8,8636.0,96,96,97.0,97,97,0,0,0,10,0,1
noop,100,114,115,10,13.0,15,18,18727.0,18787.8,12334.0,114,114,115.0,115,115,0,0,0,10,0,1
noop,100,128,129,10,13.0,21,58,19898.0,20041.8,14373.0,128,128,129.0,129,129,0,0,0,10,0,1
noop,100,160,161,10,217.5,227,256,25292.0,25661.8,15199.0,160,160,161.0,161,161,0,0,0,10,0,1
noop,100,192,193,10,12.5,13,13,26736.0,26926,21434.0,192,192,193.0,193,193,0,0,0,10,0,1
noop,100,224,225,10,212.5,219,220,40219.0,40204.8,16981.0,224,224,225.0,225,225,0,0,0,10,0,1
noop,100,256,257,10,215.0,217,219,34750.0,34917.8,28619.0,256,256,257.0,257,257,0,0,0,10,0,1
noop,100,288,289,10,209.5,216,219,55419.0,57259.8,15917.0,288,288,289.0,289,289,0,0,0,10,0,1
noop,100,320,321,10,213.0,216,216,62839.0,63530.8,18463.0,320,320,321.0,321,321,0,0,0,10,0,1
noop,150,96,97,10,14.0,19,20,21390.0,21514,5387.0,96,96,97.0,97,97,0,0,0,10,0,1
noop,150,114,115,10,13.0,15,15,24680.0,24685.4,4732.0,114,114,115.0,115,115,0,0,0,10,0,1
noop,150,128,129,10,13.5,17,25,27248.0,27296.6,8582.0,128,128,129.0,129,129,0,0,0,10,0,1
noop,150,160,161,10,13.0,13,13,32075.0,32121.6,9991.0,160,160,161.0,161,161,0,0,0,10,0,1
noop,150,192,193,10,13.0,14,15,38993.0,39062.4,9912.0,192,192,193.0,193,193,0,0,0,10,0,1
noop,150,224,225,10,12.5,14,16,47968.0,48343.2,13345.0,224,224,225.0,225,225,0,0,0,10,0,1
noop,150,256,257,10,13.0,13,14,49888.0,50899.2,14077.0,256,256,257.0,257,257,0,0,0,10,0,1
noop,150,288,289,10,13.0,24,217,58893.0,58909.2,13789.0,288,288,289.0,289,289,0,0,0,10,0,1
noop,150,320,321,10,13.5,74,171,67185.0,72095.4,17047.0,320,320,321.0,321,321,0,0,0,10,0,1
noop,200,96,97,10,14.0,15,15,25444.0,25606.8,3564.0,96,96,97.0,97,97,0,0,0,10,0,1
noop,200,114,115,10,13.0,13,20,30202.0,30174.6,3650.0,114,114,115.0,115,115,0,0,0,10,0,1
noop,200,128,129,10,12.0,13,143,32311.0,32674.2,3644.0,128,128,129.0,129,129,0,0,0,10,0,1
noop,200,160,161,10,14.0,17,18,40787.0,40682.2,2157.0,160,160,161.0,161,161,0,0,0,10,0,1
noop,200,192,193,10,12.0,13,13,45641.0,45786.8,3055.0,192,192,193.0,193,193,0,0,0,10,0,1
noop,200,224,225,10,12.0,14,15,54094.0,54141.6,2884.0,224,224,225.0,225,225,0,0,0,10,0,1
noop,200,256,257,10,13.0,15,15,62437.0,62070.6,2452.0,256,256,257.0,257,257,0,0,0,10,0,1
noop,200,288,289,10,13.0,13,13,67826.0,67777.2,4990.0,288,288,289.0,289,289,0,0,0,10,0,1
noop,200,320,321,10,13.0,13,13,74656.0,74648.2,5493.0,320,320,321.0,321,321,0,0,0,10,0,1
noop,300,96,97,10,12.0,13,13,33583.0,33644.8,1805.0,96,96,97.0,97,97,0,0,0,10,0,1
noop,300,114,115,10,13.0,13,13,40121.0,40565,2753.0,114,114,115.0,115,115,0,0,0,10,0,1
noop,300,128,129,10,13.0,16,18,45819.0,48390,2624.0,128,128,129.0,129,129,0,0,0,10,0,1
noop,300,160,161,10,12.5,14,38,61940.0,63050.4,4557.0,160,160,161.0,161,161,0,0,0,10,0,1
noop,300,192,193,10,12.0,13,13,65146.0,65250.6,1263.0,192,192,193.0,193,193,0,0,0,10,0,1
noop,300,224,225,10,13.0,14,15,78702.0,78717.6,2133.0,224,224,225.0,225,225,0,0,0,10,0,1
noop,300,256,257,10,13.0,13,14,85927.0,86373.4,1682.0,256,256,257.0,257,257,0,0,0,10,0,1
noop,300,288,289,10,12.0,16,58,103628.0,110298.8,2487.0,288,288,289.0,289,289,0,0,0,10,0,1
noop,300,320,321,10,12.5,17,46,110300.0,115444.6,6471.0,320,320,321.0,321,321,0,0,0,10,0,1
4KiB,0,96,97,10,32.5,47,75,791.0,865,39019.0,96,96,97.0,97,97,0,0,0,10,0,1
4KiB,0,114,115,10,203.5,217,218,865.0,921.6,194083.0,114,114,115.0,115,115,0,0,0,10,0,1
4KiB,0,128,129,10,216.0,221,222,3539.0,3590.2,47016.0,128,128,129.0,129,129,0,0,0,10,0,1
4KiB,0,160,161,10,213.5,216,221,11663.0,13460,46627.0,159,160,161.0,159,161,0,2,0,10,0,1
4KiB,0,192,193,10,214.0,220,228,34283.0,37689.4,66592.0,192,192,193.0,193,193,0,0,0,10,0,1
4KiB,0,224,225,10,218.0,218,220,27040.0,28179.6,2247194.0,194,200,198.0,194,201,24,31,0,10,0,1
4KiB,0,256,257,10,216.5,220,220,33987.0,37956.8,2246373.0,188,199,192.0,188,199,58,69,0,10,0,1
4KiB,0,288,289,10,217.0,219,222,42324.0,42405.6,55148.0,288,288,289.0,289,289,0,0,0,10,0,1
4KiB,0,320,321,10,210.5,220,220,49255.0,51590,2294148.0,202,225,216.0,203,225,96,118,0,10,0,1
4KiB,1,96,97,10,211.0,216,216,9853.0,9879.6,38745.0,96,96,97.0,97,97,0,0,0,10,0,1
4KiB,1,114,115,10,13.5,216,366,7667.0,7103.2,132083.0,114,114,115.0,115,115,0,0,0,10,0,1
4KiB,1,128,129,10,12.0,13,387,9038.0,8644.8,44396.0,128,128,129.0,129,129,0,0,0,10,0,1
4KiB,1,160,161,10,208.0,216,219,25056.0,25185.4,50907.0,160,160,161.0,161,161,0,0,0,10,0,1
4KiB,1,192,193,10,214.5,218,222,18700.0,19001.2,2245714.0,163,169,165.5,164,170,23,29,0,10,0,1
4KiB,1,224,225,10,207.5,213,214,25809.0,27409.6,2272277.0,198,214,208.0,198,214,11,27,0,10,0,1
4KiB,1,256,257,10,217.0,219,219,33958.0,36911.6,2280112.0,192,198,195.0,192,199,58,65,0,10,0,1
4KiB,1,288,289,10,214.5,219,221,41864.0,43145,2287875.0,205,219,214.5,206,219,70,83,0,10,0,1
4KiB,1,320,321,10,216.5,220,221,49668.0,51216.2,2255234.0,236,257,254.5,237,258,63,84,0,10,0,1
4KiB,10,96,97,10,13.0,14,14,4607.0,4943.6,162644.0,96,96,97.0,97,97,0,0,0,10,0,1
4KiB,10,114,115,10,103.5,216,223,14098.0,12086,105190.0,114,114,115.0,115,115,0,0,0,10,0,1
4KiB,10,128,129,10,12.0,13,365,8778.0,7839.4,87969.0,128,128,129.0,129,129,0,0,0,10,0,1
4KiB,10,160,161,10,215.0,217,218,24954.0,25250.4,92647.0,160,160,161.0,161,161,0,0,0,10,0,1
4KiB,10,192,193,10,212.0,217,223,32569.0,32661.2,56698.0,192,192,193.0,193,193,0,0,0,10,0,1
4KiB,10,224,225,10,212.5,216,218,26629.0,27912.8,2263974.0,175,194,190.0,175,194,31,50,0,10,0,1
4KiB,10,256,257,10,214.0,217,217,34592.0,34670.6,52846.0,256,256,257.0,257,257,0,0,0,10,0,1
4KiB,10,288,289,10,211.5,216,219,41172.0,41221.8,71557.0,288,288,289.0,289,289,0,0,0,10,0,1
4KiB,10,320,321,10,214.5,219,222,49476.0,51097.6,2261062.0,197,210,202.0,198,210,111,123,0,10,0,1
4KiB,25,96,97,10,13.0,14,60,6661.0,7777.4,187058.0,96,96,97.0,97,97,0,0,0,10,0,1
4KiB,25,114,115,10,12.0,13,13,10202.0,9571,41325.0,114,114,115.0,115,115,0,0,0,10,0,1
4KiB,25,128,129,10,12.0,13,14,11498.0,11544.4,38446.0,128,128,129.0,129,129,0,0,0,10,0,1
4KiB,25,160,161,10,35.0,390,394,12750.0,12458.4,201976.0,160,160,161.0,161,161,0,0,0,10,0,1
4KiB,25,192,193,10,217.0,222,226,33032.0,33022,34634.0,192,192,193.0,193,193,0,0,0,10,0,1
4KiB,25,224,225,10,212.5,217,225,26921.0,26970.6,51073.0,224,224,225.0,225,225,0,0,0,10,0,1
4KiB,25,256,257,10,216.5,221,318,34178.0,34275,2250116.0,234,244,241.0,234,244,13,23,0,10,0,1
4KiB,25,288,289,10,215.0,220,223,41815.0,43072.8,2274181.0,214,226,219.5,215,226,63,74,0,10,0,1
4KiB,25,320,321,10,210.5,217,221,49235.0,50475,2271968.0,196,202,199.0,196,202,119,125,0,10,0,1
4KiB,50,96,97,10,13.0,213,218,11364.0,11393.2,35835.0,96,96,97.0,97,97,0,0,0,10,0,1
4KiB,50,114,115,10,12.0,196,211,12495.0,12805,191913.0,114,114,115.0,115,115,0,0,0,10,0,1
4KiB,50,128,129,10,215.0,222,222,17525.0,17592.2,122031.0,128,128,129.0,129,129,0,0,0,10,0,1
4KiB,50,160,161,10,212.5,216,217,25770.0,26141.2,32560.0,160,160,161.0,161,161,0,0,0,10,0,1
4KiB,50,192,193,10,211.5,228,263,32650.0,29390.6,66027.0,192,192,193.0,193,193,0,0,0,10,0,1
4KiB,50,224,225,10,216.5,219,220,27137.0,27167,52761.0,224,224,225.0,225,225,0,0,0,10,0,1
4KiB,50,256,257,10,215.0,217,227,34335.0,36339,2264229.0,197,205,198.0,197,206,51,60,0,10,0,1
4KiB,50,288,289,10,207.0,222,223,55354.0,55456.8,43318.0,288,288,289.0,289,289,0,0,0,10,0,1
4KiB,50,320,321,10,210.5,222,229,49668.0,49727,57610.0,320,320,321.0,321,321,0,0,0,10,0,1
4KiB,100,96,97,10,12.5,14,14,15509.0,16053,34791.0,96,96,97.0,97,97,0,0,0,10,0,1
4KiB,100,114,115,10,13.0,16,22,18545.0,18969.4,31789.0,114,114,115.0,115,115,0,0,0,10,0,1
4KiB,100,128,129,10,12.0,13,13,18929.0,19851.2,152599.0,128,128,129.0,129,129,0,0,0,10,0,1
4KiB,100,160,161,10,12.0,13,13,22701.0,22795.2,50996.0,160,160,161.0,161,161,0,0,0,10,0,1
4KiB,100,192,193,10,12.0,13,13,27060.0,25963.8,1197139.0,185,192,191.5,186,193,0,7,0,10,0,1
4KiB,100,224,225,10,12.0,13,13,30535.0,30581.8,46927.0,224,224,225.0,225,225,0,0,0,10,0,1
4KiB,100,256,257,10,211.0,220,225,47001.0,47278.8,67057.0,256,256,257.0,257,257,0,0,0,10,0,1
4KiB,100,288,289,10,218.0,228,234,55501.0,58598.8,41941.0,288,288,289.0,289,289,0,0,0,10,0,1
4KiB,100,320,321,10,210.5,223,226,49657.0,51738.4,58008.0,316,320,321.0,316,321,0,5,0,10,0,1
4KiB,150,96,97,10,13.0,13,13,20519.0,20567.6,25662.0,96,96,97.0,97,97,0,0,0,10,0,1
4KiB,150,114,115,10,12.0,13,13,24072.0,24178.8,31716.0,114,114,115.0,115,115,0,0,0,10,0,1
4KiB,150,128,129,10,12.5,13,13,26448.0,26493,165485.0,128,128,129.0,129,129,0,0,0,10,0,1
4KiB,150,160,161,10,12.0,16,24,33206.0,33548.4,35240.0,160,160,161.0,161,161,0,0,0,10,0,1
4KiB,150,192,193,10,12.0,13,13,38311.0,38327.4,1184940.0,186,192,192.0,187,193,0,6,0,10,0,1
4KiB,150,224,225,10,10.0,13,13,43174.0,42242,2251484.0,204,214,208.0,205,215,10,20,0,10,0,1
4KiB,150,256,257,10,12.0,13,13,49728.0,49792.4,37280.0,256,256,257.0,257,257,0,0,0,10,0,1
4KiB,150,288,289,10,11.0,19,39,52503.0,55058,2235060.0,215,226,223.5,215,227,62,74,0,10,0,1
4KiB,150,320,321,10,209.0,217,218,63401.0,63843.8,50100.0,320,320,321.0,321,321,0,0,0,10,0,1
4KiB,200,96,97,10,12.5,14,16,25411.0,25455.4,96746.0,96,96,97.0,97,97,0,0,0,10,0,1
4KiB,200,114,115,10,13.0,14,14,29309.0,29322.2,26137.0,114,114,115.0,115,115,0,0,0,10,0,1
4KiB,200,128,129,10,13.0,13,13,31608.0,31616.6,15450.0,128,128,129.0,129,129,0,0,0,10,0,1
4KiB,200,160,161,10,12.0,13,19,40238.0,40477,22373.0,160,160,161.0,161,161,0,0,0,10,0,1
4KiB,200,192,193,10,9.5,10,10,46267.0,46283.2,19096.0,192,192,193.0,193,193,0,0,0,10,0,1
4KiB,200,224,225,10,13.0,14,15,55946.0,55841.2,27814.0,224,224,225.0,225,225,0,0,0,10,0,1
4KiB,200,256,257,10,12.5,13,15,59784.0,60696.4,27873.0,256,256,257.0,257,257,0,0,0,10,0,1
4KiB,200,288,289,10,12.0,14,71,69646.0,69661.8,33507.0,288,288,289.0,289,289,0,0,0,10,0,1
4KiB,200,320,321,10,13.0,15,15,76497.0,76390,30258.0,320,320,321.0,321,321,0,0,0,10,0,1
4KiB,300,96,97,10,12.0,13,14,34556.0,34614.6,9592.0,96,96,97.0,97,97,0,0,0,10,0,1
4KiB,300,114,115,10,12.0,13,13,39927.0,39978.4,15752.0,114,114,115.0,115,115,0,0,0,10,0,1
4KiB,300,128,129,10,12.5,13,13,44121.0,44177.6,2741.0,128,128,129.0,129,129,0,0,0,10,0,1
4KiB,300,160,161,10,12.5,13,14,52322.0,52419.8,6984.0,160,160,161.0,161,161,0,0,0,10,0,1
4KiB,300,192,193,10,12.0,14,15,66489.0,67305.6,19500.0,192,192,193.0,193,193,0,0,0,10,0,1
4KiB,300,224,225,10,11.0,13,13,74832.0,75038.2,2227545.0,215,224,222.0,215,225,0,10,0,10,0,1
4KiB,300,256,257,10,11.0,13,17,85362.0,85990.8,2268014.0,212,220,218.5,212,220,37,45,0,10,0,1
4KiB,300,288,289,10,12.0,12,13,96327.0,96394.2,3362.0,288,288,289.0,289,289,0,0,0,10,0,1
4KiB,300,320,321,10,13.5,16,17,110560.0,110704.8,3075.0,320,320,321.0,321,321,0,0,0,10,0,1
64KiB,0,96,97,10,25.0,43,44,791.0,1163.8,444150.0,96,96,97.0,97,97,0,0,0,10,0,1
64KiB,0,114,115,10,207.0,219,224,852.0,910.6,526146.0,114,114,115.0,115,115,0,0,0,10,0,1
64KiB,0,128,129,10,217.5,221,223,3589.0,3741.4,599211.0,128,128,129.0,129,129,0,0,0,10,0,1
64KiB,0,160,161,10,215.0,218,221,10882.0,12545.4,2233510.0,139,142,142.0,139,142,19,22,0,10,0,1
64KiB,0,192,193,10,211.5,220,221,19147.0,20314.2,2241000.0,140,144,143.0,141,144,49,52,0,10,0,1
64KiB,0,224,225,10,216.0,220,220,26880.0,28192.8,2233073.0,142,145,145.0,142,145,80,83,0,10,0,1
64KiB,0,256,257,10,210.0,220,226,47819.0,48791.6,2347741.0,143,147,145.0,143,147,110,114,0,10,0,1
64KiB,0,288,289,10,212.0,218,221,41588.0,43016,2272671.0,145,148,148.0,145,149,140,144,0,10,0,1
64KiB,0,320,321,10,212.5,218,218,49059.0,50405.2,2253523.0,145,150,150.0,145,150,171,176,0,10,0,1
64KiB,1,96,97,10,13.0,13,14,5171.0,6525.4,440895.0,96,96,97.0,97,97,0,0,0,10,0,1
64KiB,1,114,115,10,13.0,13,14,4877.0,6768.6,522002.0,114,114,115.0,115,115,0,0,0,10,0,1
64KiB,1,128,129,10,13.0,212,221,5481.0,9166,586181.0,128,128,129.0,129,129,0,0,0,10,0,1
64KiB,1,160,161,10,213.5,219,221,11363.0,12758.2,2242922.0,139,142,142.0,139,142,19,22,0,10,0,1
64KiB,1,192,193,10,212.5,219,220,19375.0,22111.8,2228060.0,140,144,143.0,140,144,49,53,0,10,0,1
64KiB,1,224,225,10,216.0,217,218,26925.0,27924.2,2271191.0,142,144,144.0,142,144,81,83,0,10,0,1
64KiB,1,256,257,10,215.0,219,222,34475.0,34278.2,2256470.0,144,147,147.0,144,147,110,113,0,10,0,1
64KiB,1,288,289,10,213.0,220,225,41349.0,42765,2276621.0,144,147,147.0,145,147,142,144,0,10,0,1
64KiB,1,320,321,10,213.5,228,350,49158.0,49303.4,2323737.0,147,150,150.0,147,151,170,174,0,10,0,1
64KiB,10,96,97,10,13.0,213,216,10255.0,9154.4,437051.0,96,96,97.0,97,97,0,0,0,10,0,1
64KiB,10,114,115,10,13.0,217,220,9489.0,9860,522104.0,114,114,115.0,115,115,0,0,0,10,0,1
64KiB,10,128,129,10,13.5,201,210,9872.0,10232.8,587842.0,128,128,129.0,129,129,0,0,0,10,0,1
64KiB,10,160,161,10,212.0,217,219,11787.0,15566.6,2244501.0,139,143,142.0,139,143,18,22,0,10,0,1
64KiB,10,192,193,10,214.5,218,868,18973.0,20881.2,2242301.0,140,142,142.0,140,142,51,53,0,10,0,1
64KiB,10,224,225,10,213.5,216,216,26852.0,26784.6,2243566.0,141,144,143.0,141,144,81,84,0,10,0,1
64KiB,10,256,257,10,214.0,217,218,34506.0,34493.6,2262962.0,144,146,145.5,144,146,111,113,0,10,0,1
64KiB,10,288,289,10,214.5,217,223,41034.0,42814,2297203.0,145,148,148.0,145,148,141,144,0,10,0,1
64KiB,10,320,321,10,210.0,217,217,48836.0,50155.8,2236508.0,147,150,150.0,147,150,171,174,0,10,0,1
64KiB,25,96,97,10,13.0,13,14,6158.0,7218.2,438692.0,96,96,97.0,97,97,0,0,0,10,0,1
64KiB,25,114,115,10,13.0,74,224,8349.0,10297,519630.0,114,114,115.0,115,115,0,0,0,10,0,1
64KiB,25,128,129,10,13.0,13,13,11685.0,10941.6,591678.0,128,128,129.0,129,129,0,0,0,10,0,1
64KiB,25,160,161,10,41.5,209,210,14207.0,14858.4,2251780.0,140,142,142.0,140,142,19,21,0,10,0,1
64KiB,25,192,193,10,210.5,215,218,18890.0,20424.8,2240754.0,141,144,143.5,141,144,49,52,0,10,0,1
64KiB,25,224,225,10,214.5,218,220,26506.0,26489,2227054.0,142,145,145.0,142,145,80,83,0,10,0,1
64KiB,25,256,257,10,213.0,217,225,34615.0,35950.2,2258966.0,144,146,145.0,144,146,111,113,0,10,0,1
64KiB,25,288,289,10,215.0,223,229,41704.0,43077.4,2268276.0,146,148,148.0,146,148,141,143,0,10,0,1
64KiB,25,320,321,10,214.5,217,218,49339.0,50641.2,2284519.0,147,150,150.0,147,150,171,174,0,10,0,1
64KiB,50,96,97,10,13.0,14,43,8196.0,9302.8,445042.0,96,96,97.0,97,97,0,0,0,10,0,1
64KiB,50,114,115,10,13.5,155,218,9751.0,11846,517034.0,114,114,115.0,115,115,0,0,0,10,0,1
64KiB,50,128,129,10,13.0,209,217,15524.0,14527.6,579742.0,128,128,129.0,129,129,0,0,0,10,0,1
64KiB,50,160,161,10,13.5,91,212,15229.0,15623.8,2241009.0,139,142,142.0,139,142,19,22,0,10,0,1
64KiB,50,192,193,10,213.5,221,227,18771.0,20311.2,2233374.0,140,144,144.0,141,144,49,52,0,10,0,1
64KiB,50,224,225,10,211.5,217,218,26414.0,30184.8,2238691.0,142,147,145.0,142,147,78,83,0,10,0,1
64KiB,50,256,257,10,213.0,217,218,33634.0,34050.6,2225064.0,144,147,147.0,144,147,110,113,0,10,0,1
64KiB,50,288,289,10,11.0,13,13,65689.0,65495.2,2257330.0,146,149,148.0,146,149,140,143,0,10,0,1
64KiB,50,320,321,10,212.5,217,220,49160.0,49160,2294746.0,147,149,149.0,147,149,172,174,0,10,0,1
64KiB,100,96,97,10,14.0,215,266,15214.0,15096.4,432074.0,96,96,97.0,97,97,0,0,0,10,0,1
64KiB,100,114,115,10,12.0,13,14,18530.0,18479.6,511753.0,114,114,115.0,115,115,0,0,0,10,0,1
64KiB,100,128,129,10,13.0,14,14,18723.0,18754,574006.0,128,128,129.0,129,129,0,0,0,10,0,1
64KiB,100,160,161,10,11.0,13,212,22515.0,22931.6,2247155.0,139,142,142.0,139,142,19,22,0,10,0,1
64KiB,100,192,193,10,10.0,13,13,25338.0,25218.8,2238082.0,140,144,144.0,140,144,49,53,0,10,0,1
64KiB,100,224,225,10,13.0,195,203,28394.0,28953.4,2238059.0,142,145,145.0,142,145,80,83,0,10,0,1
64KiB,100,256,257,10,216.0,221,432,33781.0,37065.2,2262191.0,145,147,147.0,145,147,110,112,0,10,0,1
64KiB,100,288,289,10,213.0,217,221,41900.0,44436.6,2293910.0,143,148,148.0,143,148,141,146,0,10,0,1
64KiB,100,320,321,10,210.0,221,225,49979.0,50805.2,2253046.0,147,149,148.0,147,149,172,174,0,10,0,1
64KiB,150,96,97,10,13.0,16,19,21065.0,21122.8,425175.0,96,96,97.0,97,97,0,0,0,10,0,1
64KiB,150,114,115,10,12.0,13,14,24404.0,24227,504555.0,114,114,115.0,115,115,0,0,0,10,0,1
64KiB,150,128,129,10,12.0,13,14,26761.0,26668.8,565957.0,128,128,129.0,129,129,0,0,0,10,0,1
64KiB,150,160,161,10,12.0,13,14,31201.0,30811.4,2245517.0,136,142,142.0,136,142,19,25,0,10,0,1
64KiB,150,192,193,10,10.5,13,13,36276.0,36395.8,2223021.0,141,144,144.0,141,144,49,52,0,10,0,1
64KiB,150,224,225,10,12.0,14,15,42434.0,42430.8,2242229.0,143,145,145.0,143,145,80,82,0,10,0,1
64KiB,150,256,257,10,11.5,13,13,48265.0,48557.6,2239322.0,144,147,147.0,144,147,110,113,0,10,0,1
64KiB,150,288,289,10,11.0,12,13,54126.0,53935,2269248.0,146,148,148.0,146,148,141,143,0,10,0,1
64KiB,150,320,321,10,11.0,13,13,57704.0,59121.6,2235441.0,147,150,149.0,147,150,171,174,0,10,0,1
64KiB,200,96,97,10,12.0,14,14,22429.0,22369.2,430412.0,96,96,97.0,97,97,0,0,0,10,0,1
64KiB,200,114,115,10,12.0,13,19,28683.0,29377.6,499683.0,114,114,115.0,115,115,0,0,0,10,0,1
64KiB,200,128,129,10,12.5,13,13,31800.0,32381.4,560785.0,128,128,129.0,129,129,0,0,0,10,0,1
64KiB,200,160,161,10,10.5,13,14,38089.0,39084.6,2223138.0,142,142,142.0,142,142,19,19,0,10,0,1
64KiB,200,192,193,10,13.0,14,15,45326.0,45486.6,2255475.0,141,144,144.0,141,144,49,52,0,10,0,1
64KiB,200,224,225,10,12.0,13,18,50910.0,52157.6,2213102.0,145,145,145.0,145,145,80,80,0,10,0,1
64KiB,200,256,257,10,11.5,13,14,59715.0,59928.6,2220832.0,145,147,147.0,145,147,110,112,0,10,0,1
64KiB,200,288,289,10,11.0,12,13,67063.0,66577.8,2243985.0,145,149,148.5,145,149,140,144,0,10,0,1
64KiB,200,320,321,10,11.0,15,16,73275.0,75047,2299502.0,149,151,150.0,149,151,170,172,0,10,0,1
64KiB,300,96,97,10,12.0,13,14,34150.0,34511.6,418116.0,96,96,97.0,97,97,0,0,0,10,0,1
64KiB,300,114,115,10,12.0,13,13,37296.0,37844.2,488443.0,114,114,115.0,115,115,0,0,0,10,0,1
64KiB,300,128,129,10,12.0,13,14,44681.0,44698.4,547391.0,128,128,129.0,129,129,0,0,0,10,0,1
64KiB,300,160,161,10,11.0,13,13,52615.0,54057.8,2233790.0,142,144,143.0,142,144,17,19,0,10,0,1
64KiB,300,192,193,10,11.0,13,14,64229.0,64122,2232756.0,145,148,147.5,145,148,45,48,0,10,0,1
64KiB,300,224,225,10,11.0,13,14,75003.0,75081.4,2257159.0,144,150,150.0,144,150,75,81,0,10,0,1
64KiB,300,256,257,10,11.0,13,13,85185.0,84998,2244687.0,150,152,152.0,150,152,105,107,0,10,0,1
64KiB,300,288,289,10,10.0,13,13,94583.0,95398.2,2231349.0,152,155,154.0,152,155,134,137,0,10,0,1
64KiB,300,320,321,10,11.5,13,13,106411.0,106466.8,2264488.0,152,157,156.0,152,157,164,169,0,10,0,1
1MiB,0,96,97,10,39.5,119,119,703.0,2693.2,2222267.0,28,30,97.0,97,97,0,0,0,10,0,1
1MiB,0,114,115,10,227.5,355,799,629.0,796.2,2217077.0,29,30,115.0,115,115,0,0,0,10,0,1
1MiB,0,128,129,10,213.0,219,399,3471.0,3637.8,2249334.0,29,30,129.0,129,129,0,0,0,10,0,1
1MiB,0,160,161,10,212.0,217,396,11151.0,12734,2276426.0,26,31,131.0,131,131,30,30,0,10,0,1
1MiB,0,192,193,10,209.5,221,228,19028.0,19117.8,2244826.0,30,31,131.0,131,131,62,62,0,10,0,1
1MiB,0,224,225,10,213.0,222,224,26508.0,26701.2,2279584.0,30,31,131.0,131,131,94,94,0,10,0,1
1MiB,0,256,257,10,213.5,217,225,47472.0,49473,2305719.0,31,33,132.0,131,132,125,126,0,10,0,1
1MiB,0,288,289,10,215.5,219,220,41434.0,41524.4,2263069.0,30,31,132.0,131,132,157,158,0,10,0,1
1MiB,0,320,321,10,214.0,215,216,48420.0,48836.2,2251498.0,30,31,132.0,131,132,189,190,0,10,0,1
1MiB,1,96,97,10,10.0,13,13,8476.0,6672.6,2230115.0,29,30,97.0,97,97,0,0,0,10,0,1
1MiB,1,114,115,10,9.5,12,13,9302.0,7807,2221080.0,29,30,115.0,115,115,0,0,0,10,0,1
1MiB,1,128,129,10,10.0,12,13,9871.0,9123.6,2240534.0,29,31,129.0,129,129,0,0,0,10,0,1
1MiB,1,160,161,10,211.5,215,228,12577.0,12192.4,2276721.0,29,31,131.0,131,131,30,30,0,10,0,1
1MiB,1,192,193,10,212.0,220,221,20407.0,21783,2240286.0,18,30,131.0,131,131,62,62,0,10,0,1
1MiB,1,224,225,10,213.0,217,218,26864.0,28302,2244630.0,29,32,131.0,131,131,94,94,0,10,0,1
1MiB,1,256,257,10,214.5,217,217,34715.0,35692.2,2215599.0,29,32,132.0,131,132,125,126,0,10,0,1
1MiB,1,288,289,10,213.5,217,220,43039.0,43099.8,2249847.0,30,31,132.0,131,132,157,158,0,10,0,1
1MiB,1,320,321,10,214.0,217,217,50121.0,50134.2,2314528.0,30,33,132.0,131,132,189,190,0,10,0,1
1MiB,10,96,97,10,10.0,13,13,5620.0,6152,2228703.0,29,30,97.0,97,97,0,0,0,10,0,1
1MiB,10,114,115,10,13.0,13,13,9896.0,9959.4,2240071.0,29,30,115.0,115,115,0,0,0,10,0,1
1MiB,10,128,129,10,12.5,148,161,8427.0,7501.4,2260093.0,29,31,129.0,129,129,0,0,0,10,0,1
1MiB,10,160,161,10,214.0,217,217,11944.0,11971.8,2288889.0,30,31,131.0,131,131,30,30,0,10,0,1
1MiB,10,192,193,10,214.0,217,223,19589.0,19649.8,2254385.0,29,31,131.0,131,131,62,62,0,10,0,1
1MiB,10,224,225,10,210.0,212,213,26172.0,26702.4,2278693.0,30,31,131.0,131,131,94,94,0,10,0,1
1MiB,10,256,257,10,213.5,221,223,34708.0,34731.8,2300093.0,31,32,132.0,131,132,125,126,0,10,0,1
1MiB,10,288,289,10,212.0,213,218,42529.0,42248.2,2272272.0,30,32,132.0,131,132,157,158,0,10,0,1
1MiB,10,320,321,10,213.0,216,218,50184.0,51910.6,2287494.0,30,32,132.0,131,132,189,190,0,10,0,1
1MiB,25,96,97,10,9.0,13,13,9627.0,8995,2229860.0,29,30,97.0,97,97,0,0,0,10,0,1
1MiB,25,114,115,10,9.0,13,13,10320.0,9390.6,2218695.0,29,30,115.0,115,115,0,0,0,10,0,1
1MiB,25,128,129,10,10.0,13,13,8882.0,9756.4,2239533.0,29,30,129.0,129,129,0,0,0,10,0,1
1MiB,25,160,161,10,209.5,218,224,12665.0,22213.2,2244910.0,30,31,131.0,131,133,28,30,0,10,0,1
1MiB,25,192,193,10,213.0,217,217,19104.0,19446.8,2249012.0,30,31,131.0,131,131,62,62,0,10,0,1
1MiB,25,224,225,10,212.5,221,223,26855.0,26999.4,2270779.0,29,31,131.0,131,131,94,94,0,10,0,1
1MiB,25,256,257,10,209.5,216,216,34601.0,34585,2304841.0,30,32,132.0,131,132,125,126,0,10,0,1
1MiB,25,288,289,10,209.0,219,222,41901.0,42102,2296495.0,30,32,132.0,131,132,157,158,0,10,0,1
1MiB,25,320,321,10,211.0,214,215,50237.0,51473.8,2296731.0,30,32,132.0,131,132,189,190,0,10,0,1
1MiB,50,96,97,10,9.5,12,12,12190.0,10746.8,2215793.0,29,30,97.0,97,97,0,0,0,10,0,1
1MiB,50,114,115,10,9.5,12,12,10042.0,11322.8,2213504.0,29,30,115.0,115,115,0,0,0,10,0,1
1MiB,50,128,129,10,10.5,82,155,11921.0,12858.6,2250086.0,20,30,129.0,129,129,0,0,0,10,0,1
1MiB,50,160,161,10,10.0,12,13,16808.0,16571.2,2273488.0,30,31,131.0,131,131,30,30,0,10,0,1
1MiB,50,192,193,10,210.0,217,218,19949.0,19756.8,2249090.0,29,31,131.0,131,131,62,62,0,10,0,1
1MiB,50,224,225,10,209.0,214,220,27249.0,27264.4,2262373.0,30,33,131.0,131,131,94,94,0,10,0,1
1MiB,50,256,257,10,211.0,216,218,34583.0,34591.6,2296337.0,31,32,132.0,131,132,125,126,0,10,0,1
1MiB,50,288,289,10,214.5,224,247,42383.0,42223.2,2263008.0,30,31,132.0,131,132,157,158,0,10,0,1
1MiB,50,320,321,10,213.0,219,219,49292.0,49563.8,2313317.0,30,32,132.0,131,132,189,190,0,10,0,1
1MiB,100,96,97,10,9.0,13,13,16138.0,15811.4,2212341.0,29,30,97.0,97,97,0,0,0,10,0,1
1MiB,100,114,115,10,9.5,13,13,18290.0,18213.8,2209360.0,29,30,115.0,115,115,0,0,0,10,0,1
1MiB,100,128,129,10,10.0,12,13,20394.0,20536,2239943.0,29,30,129.0,129,129,0,0,0,10,0,1
1MiB,100,160,161,10,9.0,12,13,36532.0,36347.4,2255515.0,30,31,131.0,131,131,30,30,0,10,0,1
1MiB,100,192,193,10,10.0,13,213,28186.0,28095.8,2247095.0,30,31,131.0,131,131,62,62,0,10,0,1
1MiB,100,224,225,10,10.5,12,13,32172.0,31968.8,2277822.0,29,31,131.0,131,131,94,94,0,10,0,1
1MiB,100,256,257,10,212.0,219,220,35887.0,36906.8,2301964.0,30,32,132.0,131,132,125,126,0,10,0,1
1MiB,100,288,289,10,214.0,222,225,42514.0,43685.2,2267042.0,28,32,132.0,131,132,157,158,0,10,0,1
1MiB,100,320,321,10,211.5,215,219,50258.0,50332.4,2291906.0,30,32,132.0,131,132,189,190,0,10,0,1
1MiB,150,96,97,10,10.0,13,13,20974.0,20386,2231837.0,29,30,97.0,97,97,0,0,0,10,0,1
1MiB,150,114,115,10,9.0,13,13,24308.0,23621,2238784.0,29,30,115.0,115,115,0,0,0,10,0,1
1MiB,150,128,129,10,9.5,12,13,26876.0,26214.4,2237316.0,29,31,129.0,129,129,0,0,0,10,0,1
1MiB,150,160,161,10,10.0,12,12,32745.0,32362,2256887.0,30,31,131.0,131,131,30,30,0,10,0,1
1MiB,150,192,193,10,9.0,12,13,38132.0,38259.4,2230398.0,29,31,131.0,131,131,62,62,0,10,0,1
1MiB,150,224,225,10,9.0,13,14,43543.0,43841.4,2264184.0,30,31,131.0,131,131,94,94,0,10,0,1
1MiB,150,256,257,10,10.0,12,14,47395.0,47983.4,2291510.0,29,32,132.0,131,132,125,126,0,10,0,1
1MiB,150,288,289,10,10.0,13,13,53457.0,53684.8,2261932.0,30,32,132.0,131,132,157,158,0,10,0,1
1MiB,150,320,321,10,9.0,13,13,61025.0,60733,2267934.0,30,32,132.0,131,132,189,190,0,10,0,1
1MiB,200,96,97,10,9.0,13,13,25195.0,24226.6,2227750.0,29,31,97.0,97,97,0,0,0,10,0,1
1MiB,200,114,115,10,10.0,12,13,29451.0,29397,2224583.0,30,30,115.0,115,115,0,0,0,10,0,1
1MiB,200,128,129,10,10.0,12,13,32256.0,31481.8,2233918.0,29,31,129.0,129,129,0,0,0,10,0,1
1MiB,200,160,161,10,9.0,12,13,39330.0,38406.2,2274641.0,30,31,131.0,131,131,30,30,0,10,0,1
1MiB,200,192,193,10,10.5,13,13,47156.0,47217.6,2224920.0,29,31,131.0,131,131,62,62,0,10,0,1
1MiB,200,224,225,10,10.0,13,13,54165.0,53909.8,2246721.0,26,31,131.0,131,131,94,94,0,10,0,1
1MiB,200,256,257,10,10.0,13,15,61794.0,61869.8,2274235.0,23,32,132.0,131,132,125,126,0,10,0,1
1MiB,200,288,289,10,9.0,14,15,67740.0,67972.8,2282333.0,31,32,132.0,131,132,157,158,0,10,0,1
1MiB,200,320,321,10,9.0,13,14,76358.0,75903.4,2298439.0,30,32,132.0,131,132,189,190,0,10,0,1
1MiB,300,96,97,10,9.0,12,13,34545.0,34594,2211030.0,29,30,97.0,97,97,0,0,0,10,0,1
1MiB,300,114,115,10,9.0,13,13,40236.0,39596.8,2242004.0,29,31,115.0,115,115,0,0,0,10,0,1
1MiB,300,128,129,10,9.0,12,13,43405.0,44886.4,2239140.0,29,31,129.0,129,129,0,0,0,10,0,1
1MiB,300,160,161,10,9.0,12,13,55271.0,54924.2,2262633.0,30,31,131.0,131,131,30,30,0,10,0,1
1MiB,300,192,193,10,10.0,12,13,66316.0,65492.8,2239348.0,30,32,132.0,131,132,61,62,0,10,0,1
1MiB,300,224,225,10,9.0,12,13,75903.0,75004.2,2249662.0,30,32,132.0,131,132,93,94,0,10,0,1
1MiB,300,256,257,10,10.5,12,14,87010.0,86991.8,2266149.0,30,33,132.0,131,132,125,126,0,10,0,1
1MiB,300,288,289,10,9.5,12,13,97151.0,98141.6,2283254.0,30,32,132.0,131,132,157,158,0,10,0,1
1MiB,300,320,321,10,9.5,12,12,107069.0,107650.2,2268222.0,30,33,132.0,131,132,189,190,0,10,0,1
10MiB,0,96,97,10,39.0,199,399,616.0,699.2,2233122.0,3,3,97.0,97,97,0,0,0,10,0,1
10MiB,0,114,115,10,201.5,229,719,607.0,830,2245996.0,3,3,115.0,115,115,0,0,0,10,0,1
10MiB,0,128,129,10,217.0,225,464,3488.0,3595.2,2231146.0,3,3,129.0,129,129,0,0,0,10,0,1
10MiB,0,160,161,10,211.5,222,319,11130.0,11228.6,2258341.0,2,3,131.0,131,131,30,30,0,10,0,1
10MiB,0,192,193,10,213.0,220,223,18785.0,19089.8,2280190.0,2,3,131.0,131,131,62,62,0,10,0,1
10MiB,0,224,225,10,213.5,218,219,26347.0,26581.4,2270428.0,3,3,131.0,131,131,94,94,0,10,0,1
10MiB,0,256,257,10,90.5,216,217,47625.0,51216.8,2395637.0,3,3,131.0,131,131,126,126,0,10,0,1
10MiB,0,288,289,10,209.5,214,215,41306.0,41391.8,2293162.0,3,3,131.0,131,131,158,158,0,10,0,1
10MiB,0,320,321,10,9.0,10,10,49955.0,50192.6,2270448.0,3,3,131.0,131,131,190,190,0,10,0,1
10MiB,1,96,97,10,9.5,22,159,8342.0,7617.8,2229928.0,3,3,97.0,97,97,0,0,0,10,0,1
10MiB,1,114,115,10,9.5,10,11,6484.0,7341,2244599.0,3,3,115.0,115,115,0,0,0,10,0,1
10MiB,1,128,129,10,10.5,11,91,9035.0,8387,2232668.0,2,3,129.0,129,129,0,0,0,10,0,1
10MiB,1,160,161,10,210.0,214,216,12585.0,12462.8,2264903.0,3,3,131.0,131,131,30,30,0,10,0,1
10MiB,1,192,193,10,10.0,11,11,36131.0,36227.8,2264832.0,3,3,131.0,131,131,62,62,0,10,0,1
10MiB,1,224,225,10,213.5,222,224,26852.0,27036,2283367.0,3,3,131.0,131,131,94,94,0,10,0,1
10MiB,1,256,257,10,212.5,221,221,34431.0,34606.6,2282085.0,3,3,131.0,131,131,126,126,0,10,0,1
10MiB,1,288,289,10,212.0,219,221,41746.0,42135.4,2291537.0,3,3,131.0,131,131,158,158,0,10,0,1
10MiB,1,320,321,10,212.0,217,218,49432.0,49641.4,2295251.0,3,3,131.0,131,131,190,190,0,10,0,1
10MiB,10,96,97,10,9.5,10,278,6079.0,6454.2,2225953.0,2,3,97.0,97,97,0,0,0,10,0,1
10MiB,10,114,115,10,11.0,12,13,9295.0,8328.8,2243995.0,3,3,115.0,115,115,0,0,0,10,0,1
10MiB,10,128,129,10,9.0,10,10,9432.0,8935.2,2229698.0,2,3,129.0,129,129,0,0,0,10,0,1
10MiB,10,160,161,10,210.5,216,237,12053.0,12135.2,2244247.0,2,3,131.0,131,131,30,30,0,10,0,1
10MiB,10,192,193,10,211.5,215,215,20086.0,20046.2,2288100.0,3,3,131.0,131,131,62,62,0,10,0,1
10MiB,10,224,225,10,212.5,214,214,27379.0,27373,2309458.0,3,3,131.0,131,131,94,94,0,10,0,1
10MiB,10,256,257,10,210.5,214,220,35400.0,36153,2231849.0,3,3,131.0,131,131,126,126,0,10,0,1
10MiB,10,288,289,10,210.5,215,221,42192.0,42263.8,2294746.0,3,3,131.0,131,131,158,158,0,10,0,1
10MiB,10,320,321,10,216.0,219,221,50059.0,49914.6,2271586.0,3,3,131.0,131,131,190,190,0,10,0,1
10MiB,25,96,97,10,9.0,10,17,8555.0,8512.6,2227018.0,2,3,97.0,97,97,0,0,0,10,0,1
10MiB,25,114,115,10,9.5,10,11,10584.0,9972.2,2241502.0,3,3,115.0,115,115,0,0,0,10,0,1
10MiB,25,128,129,10,9.0,11,13,11150.0,10521.8,2229612.0,2,3,129.0,129,129,0,0,0,10,0,1
10MiB,25,160,161,10,209.5,218,221,13042.0,13165.2,2270888.0,3,3,131.0,131,131,30,30,0,10,0,1
10MiB,25,192,193,10,211.5,214,219,19955.0,19809.4,2236879.0,3,3,131.0,131,131,62,62,0,10,0,1
10MiB,25,224,225,10,212.5,215,217,27320.0,27354.4,2302260.0,3,3,131.0,131,131,94,94,0,10,0,1
10MiB,25,256,257,10,214.0,216,219,34820.0,34761,2237027.0,3,3,131.0,131,131,126,126,0,10,0,1
10MiB,25,288,289,10,210.5,218,223,42380.0,42281.8,2274841.0,3,3,131.0,131,131,158,158,0,10,0,1
10MiB,25,320,321,10,213.0,217,218,49554.0,49684.6,2327576.0,3,3,131.0,131,131,190,190,0,10,0,1
10MiB,50,96,97,10,9.0,10,10,12322.0,11770.4,2226659.0,3,3,97.0,97,97,0,0,0,10,0,1
10MiB,50,114,115,10,9.0,9,10,13758.0,13763,2239299.0,3,3,115.0,115,115,0,0,0,10,0,1
10MiB,50,128,129,10,9.0,10,35,14814.0,14653.8,2224978.0,3,3,129.0,129,129,0,0,0,10,0,1
10MiB,50,160,161,10,9.0,10,13,16821.0,16717.8,2265382.0,3,3,131.0,131,131,30,30,0,10,0,1
10MiB,50,192,193,10,211.5,214,217,20566.0,20299,2274056.0,3,3,131.0,131,131,62,62,0,10,0,1
10MiB,50,224,225,10,212.0,215,215,27531.0,27534.4,2303507.0,3,3,131.0,131,131,94,94,0,10,0,1
10MiB,50,256,257,10,211.5,218,222,35161.0,34981,2229960.0,3,3,131.0,131,131,126,126,0,10,0,1
10MiB,50,288,289,10,210.5,213,216,42515.0,42391.2,2338659.0,3,3,131.0,131,131,158,158,0,10,0,1
10MiB,50,320,321,10,214.0,216,219,49587.0,49682.2,2303710.0,3,3,131.0,131,131,190,190,0,10,0,1
10MiB,100,96,97,10,9.0,10,10,16054.0,16145.8,2222897.0,2,3,97.0,97,97,0,0,0,10,0,1
10MiB,100,114,115,10,9.0,10,10,18471.0,17978.6,2234897.0,3,3,115.0,115,115,0,0,0,10,0,1
10MiB,100,128,129,10,9.5,10,11,20236.0,19447.2,2247045.0,3,3,129.0,129,129,0,0,0,10,0,1
10MiB,100,160,161,10,9.0,10,10,23963.0,23670,2265527.0,3,3,131.0,131,131,30,30,0,10,0,1
10MiB,100,192,193,10,10.0,10,11,28222.0,27963.8,2258014.0,3,3,131.0,131,131,62,62,0,10,0,1
10MiB,100,224,225,10,9.0,9,11,31308.0,31320.2,2303113.0,3,3,131.0,131,131,94,94,0,10,0,1
10MiB,100,256,257,10,212.5,214,217,35610.0,35563.2,2231118.0,3,3,131.0,131,131,126,126,0,10,0,1
10MiB,100,288,289,10,214.0,218,221,42634.0,42672.4,2332070.0,3,3,131.0,131,131,158,158,0,10,0,1
10MiB,100,320,321,10,212.5,218,219,50247.0,50186.6,2271411.0,3,3,131.0,131,131,190,190,0,10,0,1
10MiB,150,96,97,10,9.0,10,10,21060.0,21015.8,2225271.0,3,3,97.0,97,97,0,0,0,10,0,1
10MiB,150,114,115,10,9.0,10,11,24588.0,24083.4,2231078.0,3,3,115.0,115,115,0,0,0,10,0,1
10MiB,150,128,129,10,9.0,9,10,26558.0,26408,2217186.0,3,3,129.0,129,129,0,0,0,10,0,1
10MiB,150,160,161,10,9.0,10,10,32303.0,32345.2,2230714.0,3,3,131.0,131,131,30,30,0,10,0,1
10MiB,150,192,193,10,9.0,10,12,40912.0,40400.2,2272029.0,3,3,131.0,131,131,62,62,0,10,0,1
10MiB,150,224,225,10,9.0,9,9,43653.0,43668,2293134.0,3,3,131.0,131,131,94,94,0,10,0,1
10MiB,150,256,257,10,9.0,10,10,49239.0,49249.8,2218133.0,3,3,131.0,131,131,126,126,0,10,0,1
10MiB,150,288,289,10,10.0,11,12,54945.0,54974,2282359.0,3,3,131.0,131,131,158,158,0,10,0,1
10MiB,150,320,321,10,9.0,10,12,60704.0,60687.8,2262641.0,3,3,131.0,131,131,190,190,0,10,0,1
10MiB,200,96,97,10,9.0,9,11,25257.0,25315.4,2218150.0,3,3,97.0,97,97,0,0,0,10,0,1
10MiB,200,114,115,10,9.0,10,10,29505.0,29546.2,2227476.0,3,3,115.0,115,115,0,0,0,10,0,1
10MiB,200,128,129,10,9.0,9,10,32525.0,32575,2211817.0,2,3,129.0,129,129,0,0,0,10,0,1
10MiB,200,160,161,10,9.0,9,10,39639.0,39564.6,2232907.0,3,3,131.0,131,131,30,30,0,10,0,1
10MiB,200,192,193,10,9.0,9,10,46696.0,46769,2273245.0,3,3,131.0,131,131,62,62,0,10,0,1
10MiB,200,224,225,10,9.0,9,9,53806.0,53868.8,2280115.0,3,3,131.0,131,131,94,94,0,10,0,1
10MiB,200,256,257,10,9.0,10,10,60738.0,60717,2225814.0,3,3,131.0,131,131,126,126,0,10,0,1
10MiB,200,288,289,10,9.5,10,10,67864.0,68331.8,2301893.0,3,3,131.0,131,131,158,158,0,10,0,1
10MiB,200,320,321,10,9.0,11,13,75103.0,75361.6,2251095.0,3,3,131.0,131,131,190,190,0,10,0,1
10MiB,300,96,97,10,9.0,10,10,34919.0,34441.6,2214480.0,3,3,97.0,97,97,0,0,0,10,0,1
10MiB,300,114,115,10,9.0,9,10,40417.0,40089.8,2226585.0,3,3,115.0,115,115,0,0,0,10,0,1
10MiB,300,128,129,10,9.0,10,11,44936.0,44956,2212875.0,3,3,129.0,129,129,0,0,0,10,0,1
10MiB,300,160,161,10,9.0,9,10,55426.0,55286.8,2245744.0,3,3,131.0,131,131,30,30,0,10,0,1
10MiB,300,192,193,10,9.0,9,10,65803.0,65833.6,2273985.0,3,3,131.0,131,131,62,62,0,10,0,1
10MiB,300,224,225,10,9.0,10,10,76134.0,75904,2283783.0,3,3,131.0,131,131,94,94,0,10,0,1
10MiB,300,256,257,10,9.0,10,10,86401.0,86471.6,2253072.0,3,3,131.0,131,131,126,126,0,10,0,1
10MiB,300,288,289,10,9.0,10,11,96826.0,96882.4,2308350.0,3,3,131.0,131,131,158,158,0,10,0,1
10MiB,300,320,321,10,9.0,10,10,107081.0,106985.4,2258812.0,3,3,131.0,131,131,190,190,0,10,0,1
100MiB,0,96,97,1,39,39,39,1688,1688,2256274,0,0,17,17,17,80,80,0,0,1,255
100MiB,0,114,115,1,279,279,279,1572,1572,2257646,0,0,17,17,17,98,98,0,0,1,255
100MiB,0,128,129,1,269,269,269,5382,5382,2231390,0,0,20,20,20,109,109,0,0,1,255
100MiB,0,160,161,1,200,200,200,12504,12504,2258716,0,0,17,17,17,144,144,0,0,1,255
100MiB,0,192,193,1,210,210,210,21330,21330,2300258,0,0,18,18,18,175,175,0,0,1,255
100MiB,0,224,225,1,209,209,209,28750,28750,2223468,0,0,19,19,19,206,206,0,0,1,255
100MiB,0,256,257,1,194,194,194,48216,48216,2257554,0,0,22,22,22,235,235,0,0,1,255
100MiB,0,288,289,1,178,178,178,43184,43184,2290836,0,0,18,18,18,271,271,0,0,1,255
100MiB,0,320,321,1,211,211,211,50642,50642,2284366,0,0,17,17,17,304,304,0,0,1,255
100MiB,1,96,97,1,9,9,9,3916,3916,2247580,0,0,17,17,17,80,80,0,0,1,255
100MiB,1,114,115,1,11,11,11,9374,9374,2251198,0,0,17,17,17,98,98,0,0,1,255
100MiB,1,128,129,1,9,9,9,9156,9156,2250454,0,0,18,18,18,111,111,0,0,1,255
100MiB,1,160,161,1,216,216,216,12640,12640,2278324,0,0,16,16,16,145,145,0,0,1,255
100MiB,1,192,193,1,212,212,212,20792,20792,2276526,0,0,18,18,18,175,175,0,0,1,255
100MiB,1,224,225,1,215,215,215,28368,28368,2321864,0,0,18,18,18,207,207,0,0,1,255
100MiB,1,256,257,1,210,210,210,35828,35828,2334338,0,0,18,18,18,239,239,0,0,1,255
100MiB,1,288,289,1,42,42,42,55796,55796,2271640,0,0,23,23,23,266,266,0,0,1,255
100MiB,1,320,321,1,205,205,205,51400,51400,2382910,0,0,18,18,18,303,303,0,0,1,255
100MiB,10,96,97,1,13,13,13,8808,8808,2212006,0,0,18,18,18,79,79,0,0,1,255
100MiB,10,114,115,1,12,12,12,5446,5446,2306662,0,0,18,18,18,97,97,0,0,1,255
100MiB,10,128,129,1,9,9,9,8278,8278,2239930,0,0,17,17,17,112,112,0,0,1,255
100MiB,10,160,161,1,217,217,217,13600,13600,2216642,0,0,20,20,20,141,141,0,0,1,255
100MiB,10,192,193,1,217,217,217,20482,20482,2263338,0,0,17,17,17,176,176,0,0,1,255
100MiB,10,224,225,1,208,208,208,27902,27902,2315522,0,0,17,17,17,208,208,0,0,1,255
100MiB,10,256,257,1,205,205,205,35256,35256,2240680,0,0,17,17,17,240,240,0,0,1,255
100MiB,10,288,289,1,212,212,212,42910,42910,2297648,0,0,16,16,16,273,273,0,0,1,255
100MiB,10,320,321,1,216,216,216,50056,50056,2294694,0,0,18,18,18,303,303,0,0,1,255
100MiB,25,96,97,1,11,11,11,6136,6136,2250614,0,0,17,17,17,80,80,0,0,1,255
100MiB,25,114,115,1,10,10,10,8390,8390,2260120,0,0,16,16,16,99,99,0,0,1,255
100MiB,25,128,129,1,10,10,10,8922,8922,2207692,0,0,17,17,17,112,112,0,0,1,255
100MiB,25,160,161,1,215,215,215,11798,11798,2266674,0,0,17,17,17,144,144,0,0,1,255
100MiB,25,192,193,1,210,210,210,20186,20186,2232856,0,0,17,17,17,176,176,0,0,1,255
100MiB,25,224,225,1,213,213,213,27780,27780,2327366,0,0,17,17,17,208,208,0,0,1,255
100MiB,25,256,257,1,214,214,214,35156,35156,2347440,0,0,17,17,17,240,240,0,0,1,255
100MiB,25,288,289,1,209,209,209,42782,42782,2267582,0,0,17,17,17,272,272,0,0,1,255
100MiB,25,320,321,1,209,209,209,50480,50480,2372244,0,0,19,19,19,302,302,0,0,1,255
100MiB,50,96,97,1,9,9,9,12164,12164,2235544,0,0,16,16,16,81,81,0,0,1,255
100MiB,50,114,115,1,9,9,9,14044,14044,2245062,0,0,17,17,17,98,98,0,0,1,255
100MiB,50,128,129,1,22,22,22,14870,14870,2248362,0,0,16,16,16,113,113,0,0,1,255
100MiB,50,160,161,1,10,10,10,15220,15220,2212854,0,0,17,17,17,144,144,0,0,1,255
100MiB,50,192,193,1,215,215,215,20302,20302,2258564,0,0,17,17,17,176,176,0,0,1,255
100MiB,50,224,225,1,207,207,207,28804,28804,2320348,0,0,17,17,17,208,208,0,0,1,255
100MiB,50,256,257,1,208,208,208,35296,35296,2208738,0,0,17,17,17,240,240,0,0,1,255
100MiB,50,288,289,1,212,212,212,42914,42914,2322646,0,0,17,17,17,272,272,0,0,1,255
100MiB,50,320,321,1,210,210,210,50764,50764,2318828,0,0,17,17,17,304,304,0,0,1,255
100MiB,100,96,97,1,9,9,9,15864,15864,2208244,0,0,17,17,17,80,80,0,0,1,255
100MiB,100,114,115,1,9,9,9,17418,17418,2264740,0,0,17,17,17,98,98,0,0,1,255
100MiB,100,128,129,1,12,12,12,20860,20860,2255738,0,0,17,17,17,112,112,0,0,1,255
100MiB,100,160,161,1,10,10,10,24258,24258,2225092,0,0,17,17,17,144,144,0,0,1,255
100MiB,100,192,193,1,10,10,10,28984,28984,2274946,0,0,17,17,17,176,176,0,0,1,255
100MiB,100,224,225,1,10,10,10,33254,33254,2323140,0,0,17,17,17,208,208,0,0,1,255
100MiB,100,256,257,1,9,9,9,37112,37112,2341402,0,0,17,17,17,240,240,0,0,1,255
100MiB,100,288,289,1,213,213,213,42562,42562,2216762,0,0,17,17,17,272,272,0,0,1,255
100MiB,100,320,321,1,215,215,215,49852,49852,2280056,0,0,17,17,17,304,304,0,0,1,255
100MiB,150,96,97,1,10,10,10,20708,20708,2208402,0,0,17,17,17,80,80,0,0,1,255
100MiB,150,114,115,1,10,10,10,24014,24014,2238370,0,0,16,16,16,99,99,0,0,1,255
100MiB,150,128,129,1,9,9,9,26850,26850,2252300,0,0,17,17,17,112,112,0,0,1,255
100MiB,150,160,161,1,9,9,9,31658,31658,2255756,0,0,17,17,17,144,144,0,0,1,255
100MiB,150,192,193,1,9,9,9,37964,37964,2295832,0,0,17,17,17,176,176,0,0,1,255
100MiB,150,224,225,1,9,9,9,42826,42826,2292680,0,0,17,17,17,208,208,0,0,1,255
100MiB,150,256,257,1,10,10,10,49938,49938,2214220,0,0,18,18,18,239,239,0,0,1,255
100MiB,150,288,289,1,9,9,9,55612,55612,2284086,0,0,18,18,18,271,271,0,0,1,255
100MiB,150,320,321,1,10,10,10,61218,61218,2349468,0,0,17,17,17,304,304,0,0,1,255
100MiB,200,96,97,1,9,9,9,25088,25088,2237140,0,0,17,17,17,80,80,0,0,1,255
100MiB,200,114,115,1,9,9,9,29542,29542,2254078,0,0,17,17,17,98,98,0,0,1,255
100MiB,200,128,129,1,9,9,9,32526,32526,2222314,0,0,17,17,17,112,112,0,0,1,255
100MiB,200,160,161,1,10,10,10,41340,41340,2223090,0,0,17,17,17,144,144,0,0,1,255
100MiB,200,192,193,1,9,9,9,47216,47216,2258850,0,0,17,17,17,176,176,0,0,1,255
100MiB,200,224,225,1,9,9,9,52940,52940,2296830,0,0,17,17,17,208,208,0,0,1,255
100MiB,200,256,257,1,9,9,9,60130,60130,2212268,0,0,16,16,16,241,241,0,0,1,255
100MiB,200,288,289,1,9,9,9,67278,67278,2315624,0,0,17,17,17,272,272,0,0,1,255
100MiB,200,320,321,1,9,9,9,77648,77648,2226960,0,0,17,17,17,304,304,0,0,1,255
100MiB,300,96,97,1,9,9,9,32628,32628,2216114,0,0,17,17,17,80,80,0,0,1,255
100MiB,300,114,115,1,10,10,10,40752,40752,2254590,0,0,17,17,17,98,98,0,0,1,255
100MiB,300,128,129,1,10,10,10,45318,45318,2203808,0,0,17,17,17,112,112,0,0,1,255
100MiB,300,160,161,1,9,9,9,54580,54580,2242252,0,0,17,17,17,144,144,0,0,1,255
100MiB,300,192,193,1,9,9,9,65576,65576,2281454,0,0,18,18,18,175,175,0,0,1,255
100MiB,300,224,225,1,9,9,9,75814,75814,2308122,0,0,17,17,17,208,208,0,0,1,255
100MiB,300,256,257,1,9,9,9,86686,86686,2220882,0,0,17,17,17,240,240,0,0,1,255
100MiB,300,288,289,1,9,9,9,97940,97940,2425474,0,0,17,17,17,272,272,0,0,1,255
100MiB,300,320,321,1,9,9,9,106900,106900,2334260,0,0,17,17,17,304,304,0,0,1,255
1GiB,0,96,97,1,239,239,239,1954,1954,2244636,0,0,1,1,1,96,96,0,0,1,255
1GiB,0,114,115,1,214,214,214,1480,1480,2217232,0,0,1,1,1,114,114,0,0,1,255
1GiB,0,128,129,1,346,346,346,4712,4712,2273330,0,0,1,1,1,128,128,0,0,1,255
1GiB,0,160,161,1,209,209,209,12754,12754,2324530,0,0,1,1,1,160,160,0,0,1,255
1GiB,0,192,193,1,212,212,212,20676,20676,2284718,0,0,1,1,1,192,192,0,0,1,255
1GiB,0,224,225,1,210,210,210,28298,28298,2222676,0,0,1,1,1,224,224,0,0,1,255
1GiB,0,256,257,1,11,11,11,61082,61082,2321602,0,0,1,1,1,256,256,0,0,1,255
1GiB,0,288,289,1,208,208,208,42728,42728,2250710,0,0,1,1,1,288,288,0,0,1,255
1GiB,0,320,321,1,211,211,211,51338,51338,2365098,0,0,1,1,1,320,320,0,0,1,255
1GiB,1,96,97,1,11,11,11,5056,5056,2270262,0,0,1,1,1,96,96,0,0,1,255
1GiB,1,114,115,1,9,9,9,5366,5366,2268636,0,0,1,1,1,114,114,0,0,1,255
1GiB,1,128,129,1,10,10,10,6982,6982,2213134,0,0,1,1,1,128,128,0,0,1,255
1GiB,1,160,161,1,214,214,214,13528,13528,2241634,0,0,1,1,1,160,160,0,0,1,255
1GiB,1,192,193,1,10,10,10,40404,40404,2280600,0,0,1,1,1,192,192,0,0,1,255
1GiB,1,224,225,1,212,212,212,29240,29240,2330046,0,0,1,1,1,224,224,0,0,1,255
1GiB,1,256,257,1,213,213,213,35720,35720,2212394,0,0,1,1,1,256,256,0,0,1,255
1GiB,1,288,289,1,208,208,208,43088,43088,2271364,0,0,1,1,1,288,288,0,0,1,255
1GiB,1,320,321,1,215,215,215,50724,50724,2314932,0,0,1,1,1,320,320,0,0,1,255
1GiB,10,96,97,1,10,10,10,5872,5872,2221080,0,0,2,2,2,95,95,0,0,1,255
1GiB,10,114,115,1,11,11,11,6600,6600,2251482,0,0,1,1,1,114,114,0,0,1,255
1GiB,10,128,129,1,14,14,14,7986,7986,2228982,0,0,2,2,2,127,127,0,0,1,255
1GiB,10,160,161,1,207,207,207,12924,12924,2295010,0,0,1,1,1,160,160,0,0,1,255
1GiB,10,192,193,1,207,207,207,20574,20574,2210392,0,0,1,1,1,192,192,0,0,1,255
1GiB,10,224,225,1,216,216,216,28378,28378,2309232,0,0,1,1,1,224,224,0,0,1,255
1GiB,10,256,257,1,210,210,210,34258,34258,2228366,0,0,1,1,1,256,256,0,0,1,255
1GiB,10,288,289,1,207,207,207,43664,43664,2336134,0,0,2,2,2,287,287,0,0,1,255
1GiB,10,320,321,1,207,207,207,50136,50136,2276906,0,0,1,1,1,320,320,0,0,1,255
1GiB,25,96,97,1,9,9,9,8654,8654,2257150,0,0,1,1,1,96,96,0,0,1,255
1GiB,25,114,115,1,10,10,10,8264,8264,2300354,0,0,1,1,1,114,114,0,0,1,255
1GiB,25,128,129,1,9,9,9,10850,10850,2245934,0,0,1,1,1,128,128,0,0,1,255
1GiB,25,160,161,1,215,215,215,12762,12762,2238756,0,0,1,1,1,160,160,0,0,1,255
1GiB,25,192,193,1,210,210,210,19932,19932,2327568,0,0,1,1,1,192,192,0,0,1,255
1GiB,25,224,225,1,212,212,212,28350,28350,2207458,0,0,1,1,1,224,224,0,0,1,255
1GiB,25,256,257,1,216,216,216,35946,35946,2300690,0,0,1,1,1,256,256,0,0,1,255
1GiB,25,288,289,1,206,206,206,43148,43148,2295832,0,0,1,1,1,288,288,0,0,1,255
1GiB,25,320,321,1,221,221,221,50966,50966,2367340,0,0,1,1,1,320,320,0,0,1,255
1GiB,50,96,97,1,9,9,9,12470,12470,2235684,0,0,1,1,1,96,96,0,0,1,255
1GiB,50,114,115,1,9,9,9,13794,13794,2246438,0,0,1,1,1,114,114,0,0,1,255
1GiB,50,128,129,1,9,9,9,14604,14604,2247538,0,0,1,1,1,128,128,0,0,1,255
1GiB,50,160,161,1,9,9,9,16390,16390,2259812,0,0,1,1,1,160,160,0,0,1,255
1GiB,50,192,193,1,215,215,215,19966,19966,2276932,0,0,1,1,1,192,192,0,0,1,255
1GiB,50,224,225,1,210,210,210,28528,28528,2316422,0,0,1,1,1,224,224,0,0,1,255
1GiB,50,256,257,1,214,214,214,34964,34964,2228184,0,0,1,1,1,256,256,0,0,1,255
1GiB,50,288,289,1,217,217,217,43020,43020,2349556,0,0,1,1,1,288,288,0,0,1,255
1GiB,50,320,321,1,216,216,216,50180,50180,2269694,0,0,1,1,1,320,320,0,0,1,255
1GiB,100,96,97,1,9,9,9,16092,16092,2249528,0,0,1,1,1,96,96,0,0,1,255
1GiB,100,114,115,1,9,9,9,18092,18092,2260780,0,0,1,1,1,114,114,0,0,1,255
1GiB,100,128,129,1,9,9,9,18674,18674,2215038,0,0,1,1,1,128,128,0,0,1,255
1GiB,100,160,161,1,10,10,10,24470,24470,2233998,0,0,1,1,1,160,160,0,0,1,255
1GiB,100,192,193,1,9,9,9,27930,27930,2295414,0,0,1,1,1,192,192,0,0,1,255
1GiB,100,224,225,1,9,9,9,30712,30712,2308898,0,0,1,1,1,224,224,0,0,1,255
1GiB,100,256,257,1,207,207,207,35492,35492,2251410,0,0,1,1,1,256,256,0,0,1,255
1GiB,100,288,289,1,204,204,204,42944,42944,2352930,0,0,1,1,1,288,288,0,0,1,255
1GiB,100,320,321,1,207,207,207,50782,50782,2267826,0,0,1,1,1,320,320,0,0,1,255
1GiB,150,96,97,1,10,10,10,21254,21254,2215504,0,0,1,1,1,96,96,0,0,1,255
1GiB,150,114,115,1,9,9,9,24430,24430,2256362,0,0,1,1,1,114,114,0,0,1,255
1GiB,150,128,129,1,9,9,9,27228,27228,2223308,0,0,1,1,1,128,128,0,0,1,255
1GiB,150,160,161,1,9,9,9,31634,31634,2243918,0,0,1,1,1,160,160,0,0,1,255
1GiB,150,192,193,1,9,9,9,38224,38224,2242214,0,0,1,1,1,192,192,0,0,1,255
1GiB,150,224,225,1,9,9,9,44416,44416,2215876,0,0,1,1,1,224,224,0,0,1,255
1GiB,150,256,257,1,9,9,9,50010,50010,2349072,0,0,1,1,1,256,256,0,0,1,255
1GiB,150,288,289,1,9,9,9,53628,53628,2261794,0,0,1,1,1,288,288,0,0,1,255
1GiB,150,320,321,1,10,10,10,61654,61654,2356854,0,0,1,1,1,320,320,0,0,1,255
1GiB,200,96,97,1,9,9,9,25328,25328,2232436,0,0,1,1,1,96,96,0,0,1,255
1GiB,200,114,115,1,10,10,10,29678,29678,2239568,0,0,1,1,1,114,114,0,0,1,255
1GiB,200,128,129,1,9,9,9,31476,31476,2237434,0,0,1,1,1,128,128,0,0,1,255
1GiB,200,160,161,1,9,9,9,39066,39066,2213110,0,0,1,1,1,160,160,0,0,1,255
1GiB,200,192,193,1,9,9,9,46806,46806,2295810,0,0,1,1,1,192,192,0,0,1,255
1GiB,200,224,225,1,9,9,9,53494,53494,2303214,0,0,1,1,1,224,224,0,0,1,255
1GiB,200,256,257,1,9,9,9,60728,60728,2343944,0,0,1,1,1,256,256,0,0,1,255
1GiB,200,288,289,1,9,9,9,67724,67724,2318364,0,0,1,1,1,288,288,0,0,1,255
1GiB,200,320,321,1,9,9,9,74746,74746,2268472,0,0,1,1,1,320,320,0,0,1,255
1GiB,300,96,97,1,9,9,9,35164,35164,2244446,0,0,1,1,1,96,96,0,0,1,255
1GiB,300,114,115,1,140,140,140,40604,40604,2240700,0,0,1,1,1,114,114,0,0,1,255
1GiB,300,128,129,1,9,9,9,45340,45340,2229930,0,0,1,1,1,128,128,0,0,1,255
1GiB,300,160,161,1,9,9,9,54808,54808,2240346,0,0,1,1,1,160,160,0,0,1,255
1GiB,300,192,193,1,9,9,9,64634,64634,2292772,0,0,1,1,1,192,192,0,0,1,255
1GiB,300,224,225,1,9,9,9,76474,76474,2294610,0,0,1,1,1,224,224,0,0,1,255
1GiB,300,256,257,1,9,9,9,86628,86628,2244546,0,0,1,1,1,256,256,0,0,1,255
1GiB,300,288,289,1,9,9,9,96596,96596,2332754,0,0,1,1,1,288,288,0,0,1,255
1GiB,300,320,321,1,9,9,9,106736,106736,2248860,0,0,1,1,1,320,320,0,0,1,255
