iteration_index,submit_index,submit_tsc_ticks,submit_ns,submit_start_from_marker_tsc,submit_end_from_marker_tsc,poll_performed,poll_end_from_marker_tsc,poll_window_tsc_ticks,poll_count,first_polled_request_index,last_polled_request_index,visible_prefix_len,polled_statuses,polled_status,marker_status,polled_request_indices,poll_latency_tsc_ticks,poll_latency_ns
804,0,38,17.3,,,False,,,0,,,0,,0,0,,,
804,1,28,12.7,,,True,,,1,0,0,0,0,0,0,0,30,13.6
804,2,30,13.6,,,True,,,1,0,0,0,0,0,0,0,28,12.7
804,3,30,13.6,,,True,,,1,0,0,0,0,0,0,0,28,12.7
804,4,30,13.6,,,True,,,1,0,0,0,0,0,0,0,28,12.7
804,5,34,15.4,,,True,,,1,0,0,0,0,0,0,0,30,13.6
804,6,36,16.3,,,True,,,1,0,0,0,0,0,0,0,28,12.7
804,7,36,16.3,,,True,,,1,0,0,0,0,0,0,0,30,13.6
804,8,36,16.3,,,True,,,1,0,0,0,0,0,0,0,30,13.6
804,9,28,12.7,,,True,,,2,0,1,1,1;0,0,0,0;1,228;28,103.5;12.7
804,10,30,13.6,,,True,,,1,1,1,1,0,0,0,1,28,12.7
804,11,30,13.6,,,True,,,12,1,12,12,1;1;1;1;1;1;1;1;1;1;1;0,0,0,1;2;3;4;5;6;7;8;9;10;11;12,280;288;28;254;28;26;28;30;28;28;30;32,127.1;130.8;12.7;115.3;12.7;11.8;12.7;13.6;12.7;12.7;13.6;14.5
804,12,28,12.7,,,True,,,1,12,12,12,0,0,0,12,28,12.7
804,13,38,17.3,,,True,,,1,12,12,12,0,0,0,12,30,13.6
804,14,30,13.6,,,True,,,1,12,12,12,0,0,0,12,26,11.8
804,15,28,12.7,,,True,,,1,12,12,12,0,0,0,12,30,13.6
804,16,30,13.6,,,True,,,3,12,14,14,1;1;0,0,0,12;13;14,220;28;28,99.9;12.7;12.7
804,17,30,13.6,,,True,,,4,14,17,17,1;1;1;0,0,0,14;15;16;17,224;28;276;28,101.7;12.7;125.3;12.7
804,18,30,13.6,,,True,,,2,17,18,18,1;0,0,0,17;18,230;28,104.4;12.7
804,19,30,13.6,,,True,,,1,18,18,18,0,0,0,18,28,12.7
804,20,30,13.6,,,True,,,2,18,19,19,1;0,0,0,18;19,272;28,123.5;12.7
804,21,30,13.6,,,True,,,3,19,21,21,1;1;0,0,0,19;20;21,240;586;28,109.0;266.1;12.7
804,22,30,13.6,,,True,,,2,21,22,22,1;0,0,0,21;22,214;28,97.2;12.7
804,23,30,13.6,,,True,,,1,22,22,22,0,0,0,22,30,13.6
804,24,30,13.6,,,True,,,2,22,23,23,1;0,0,0,22;23,234;28,106.2;12.7
804,25,30,13.6,,,True,,,4,23,26,26,1;1;1;0,0,0,23;24;25;26,224;588;252;28,101.7;267.0;114.4;12.7
804,26,30,13.6,,,True,,,1,26,26,26,0,0,0,26,28,12.7
804,27,30,13.6,,,True,,,1,26,26,26,0,0,0,26,28,12.7
804,28,30,13.6,,,True,,,1,26,26,26,0,0,0,26,28,12.7
804,29,30,13.6,,,True,,,1,26,26,26,0,0,0,26,28,12.7
804,30,30,13.6,,,True,,,3,26,28,28,1;1;0,0,0,26;27;28,238;28;26,108.1;12.7;11.8
804,31,30,13.6,,,True,,,2,28,29,29,1;0,0,0,28;29,234;28,106.2;12.7
804,32,30,13.6,,,True,,,5,29,33,33,1;1;1;1;0,0,0,29;30;31;32;33,226;466;272;464;30,102.6;211.6;123.5;210.7;13.6
804,33,30,13.6,,,True,,,1,33,33,33,0,0,0,33,28,12.7
804,34,30,13.6,,,True,,,1,33,33,33,0,0,0,33,28,12.7
804,35,30,13.6,,,True,,,1,33,33,33,0,0,0,33,28,12.7
804,36,30,13.6,,,True,,,1,33,33,33,0,0,0,33,28,12.7
804,37,30,13.6,,,True,,,3,33,35,35,1;1;0,0,0,33;34;35,234;248;30,106.2;112.6;13.6
804,38,30,13.6,,,True,,,5,35,39,39,1;1;1;1;0,0,0,35;36;37;38;39,246;496;30;530;30,111.7;225.2;13.6;240.6;13.6
804,39,30,13.6,,,True,,,1,39,39,39,0,0,0,39,28,12.7
804,40,28,12.7,,,True,,,1,39,39,39,0,0,0,39,28,12.7
804,41,30,13.6,,,True,,,1,39,39,39,0,0,0,39,28,12.7
804,42,30,13.6,,,True,,,1,39,39,39,0,0,0,39,28,12.7
804,43,30,13.6,,,True,,,3,39,41,41,1;1;0,0,0,39;40;41,228;242;28,103.5;109.9;12.7
804,44,32,14.5,,,True,,,5,41,45,45,1;1;1;1;0,0,0,41;42;43;44;45,230;542;30;378;30,104.4;246.1;13.6;171.6;13.6
804,45,30,13.6,,,True,,,1,45,45,45,0,0,0,45,28,12.7
804,46,30,13.6,,,True,,,1,45,45,45,0,0,0,45,28,12.7
804,47,30,13.6,,,True,,,1,45,45,45,0,0,0,45,28,12.7
804,48,30,13.6,,,True,,,1,45,45,45,0,0,0,45,28,12.7
804,49,32,14.5,,,True,,,6,45,50,50,1;1;1;1;1;0,0,0,45;46;47;48;49;50,238;824;30;412;28;30,108.1;374.1;13.6;187.1;12.7;13.6
804,50,30,13.6,,,True,,,1,50,50,50,0,0,0,50,28,12.7
804,51,30,13.6,,,True,,,1,50,50,50,0,0,0,50,28,12.7
804,52,30,13.6,,,True,,,1,50,50,50,0,0,0,50,28,12.7
804,53,30,13.6,,,True,,,1,50,50,50,0,0,0,50,30,13.6
804,54,30,13.6,,,True,,,3,50,52,52,1;1;0,0,0,50;51;52,254;30;28,115.3;13.6;12.7
804,55,30,13.6,,,True,,,4,52,55,55,1;1;1;0,0,0,52;53;54;55,216;28;310;30,98.1;12.7;140.7;13.6
804,56,30,13.6,,,True,,,2,55,56,56,1;0,0,0,55;56,224;28,101.7;12.7
804,57,30,13.6,,,True,,,1,56,56,56,0,0,0,56,30,13.6
804,58,30,13.6,,,True,,,2,56,57,57,1;0,0,0,56;57,220;28,99.9;12.7
804,59,30,13.6,,,True,,,4,57,60,60,1;1;1;0,0,0,57;58;59;60,216;584;270;26,98.1;265.2;122.6;11.8
804,60,30,13.6,,,True,,,1,60,60,60,0,0,0,60,28,12.7
804,61,30,13.6,,,True,,,1,60,60,60,0,0,0,60,28,12.7
804,62,30,13.6,,,True,,,1,60,60,60,0,0,0,60,28,12.7
804,63,30,13.6,,,True,,,1,60,60,60,0,0,0,60,30,13.6
804,64,30,13.6,,,True,,,3,60,62,62,1;1;0,0,0,60;61;62,212;30;30,96.3;13.6;13.6
804,65,30,13.6,,,True,,,2,62,63,63,1;0,0,0,62;63,242;28,109.9;12.7
804,66,30,13.6,,,True,,,3,63,65,65,1;1;0,0,0,63;64;65,236;436;28,107.2;198.0;12.7
804,67,30,13.6,,,True,,,4,65,68,68,1;1;1;0,0,0,65;66;67;68,238;592;28;28,108.1;268.8;12.7;12.7
804,68,30,13.6,,,True,,,1,68,68,68,0,0,0,68,28,12.7
804,69,30,13.6,,,True,,,1,68,68,68,0,0,0,68,30,13.6
804,70,30,13.6,,,True,,,1,68,68,68,0,0,0,68,30,13.6
804,71,30,13.6,,,True,,,1,68,68,68,0,0,0,68,28,12.7
804,72,30,13.6,,,True,,,3,68,70,70,1;1;0,0,0,68;69;70,256;28;30,116.2;12.7;13.6
804,73,30,13.6,,,True,,,4,70,73,73,1;1;1;0,0,0,70;71;72;73,212;28;314;28,96.3;12.7;142.6;12.7
804,74,30,13.6,,,True,,,2,73,74,74,1;0,0,0,73;74,234;28,106.2;12.7
804,75,30,13.6,,,True,,,1,74,74,74,0,0,0,74,28,12.7
804,76,30,13.6,,,True,,,2,74,75,75,1;0,0,0,74;75,232;28,105.3;12.7
804,77,30,13.6,,,True,,,4,75,78,78,1;1;1;0,0,0,75;76;77;78,226;816;26;28,102.6;370.5;11.8;12.7
804,78,32,14.5,,,True,,,1,78,78,78,0,0,0,78,28,12.7
804,79,30,13.6,,,True,,,1,78,78,78,0,0,0,78,28,12.7
804,80,30,13.6,,,True,,,1,78,78,78,0,0,0,78,28,12.7
804,81,30,13.6,,,True,,,1,78,78,78,0,0,0,78,28,12.7
804,82,30,13.6,,,True,,,3,78,80,80,1;1;0,0,0,78;79;80,226;28;30,102.6;12.7;13.6
804,83,30,13.6,,,True,,,2,80,81,81,1;0,0,0,80;81,232;28,105.3;12.7
804,84,32,14.5,,,True,,,3,81,83,83,1;1;0,0,0,81;82;83,228;478;28,103.5;217.0;12.7
804,85,30,13.6,,,True,,,4,83,86,86,1;1;1;0,0,0,83;84;85;86,638;214;30;28,289.7;97.2;13.6;12.7
804,86,30,13.6,,,True,,,1,86,86,86,0,0,0,86,28,12.7
804,87,28,12.7,,,True,,,1,86,86,86,0,0,0,86,28,12.7
804,88,28,12.7,,,True,,,1,86,86,86,0,0,0,86,28,12.7
804,89,30,13.6,,,True,,,1,86,86,86,0,0,0,86,28,12.7
804,90,30,13.6,,,True,,,3,86,88,88,1;1;0,0,0,86;87;88,218;28;28,99.0;12.7;12.7
804,91,30,13.6,,,True,,,1,88,88,88,0,0,0,88,28,12.7
804,92,30,13.6,,,True,,,1,88,88,88,0,0,0,88,28,12.7
804,93,28,12.7,,,True,,,1,88,88,88,0,0,0,88,28,12.7
804,94,30,13.6,,,True,,,1,88,88,88,0,0,0,88,28,12.7
804,95,34,15.4,,,True,,,1,88,88,88,0,0,0,88,28,12.7
804,96,34,15.4,,,True,,,2,88,89,89,1;0,0,0,88;89,216;30,98.1;13.6
804,97,36,16.3,,,True,,,1,89,89,89,0,0,0,89,28,12.7
804,98,34,15.4,,,True,,,1,89,89,89,0,0,0,89,28,12.7
804,99,34,15.4,,,True,,,6,89,94,94,1;1;1;1;1;0,0,0,89;90;91;92;93;94,652;614;290;256;30;550,296.0;278.8;131.7;116.2;13.6;249.7
804,100,30,13.6,,,True,,,8,94,101,101,1;1;1;1;1;1;1;0,0,0,94;95;96;97;98;99;100;101,254;28;30;26;452;30;410;30,115.3;12.7;13.6;11.8;205.2;13.6;186.2;13.6
804,101,30,13.6,,,True,,,1,101,101,101,0,0,0,101,28,12.7
804,102,30,13.6,,,True,,,1,101,101,101,0,0,0,101,28,12.7
804,103,32,14.5,,,True,,,1,101,101,101,0,0,0,101,30,13.6
804,104,30,13.6,,,True,,,1,101,101,101,0,0,0,101,28,12.7
804,105,28,12.7,,,True,,,3,101,103,103,1;1;0,0,0,101;102;103,210;238;28,95.3;108.1;12.7
804,106,30,13.6,,,True,,,5,103,107,107,1;1;1;1;0,0,0,103;104;105;106;107,230;472;284;484;28,104.4;214.3;128.9;219.8;12.7
804,107,30,13.6,,,True,,,1,107,107,107,0,0,0,107,28,12.7
804,108,30,13.6,,,True,,,1,107,107,107,0,0,0,107,28,12.7
804,109,30,13.6,,,True,,,1,107,107,107,0,0,0,107,30,13.6
804,110,30,13.6,,,True,,,1,107,107,107,0,0,0,107,30,13.6
804,111,30,13.6,,,True,,,3,107,109,109,1;1;0,0,0,107;108;109,230;236;28,104.4;107.2;12.7
804,112,30,13.6,,,True,,,3,109,111,111,1;1;0,0,0,109;110;111,244;474;26,110.8;215.2;11.8
804,113,30,13.6,,,True,,,4,111,114,114,1;1;1;0,0,0,111;112;113;114,232;332;280;30,105.3;150.7;127.1;13.6
804,114,30,13.6,,,True,,,1,114,114,114,0,0,0,114,28,12.7
804,115,28,12.7,,,True,,,1,114,114,114,0,0,0,114,28,12.7
804,116,30,13.6,,,True,,,1,114,114,114,0,0,0,114,28,12.7
804,117,30,13.6,,,True,,,1,114,114,114,0,0,0,114,28,12.7
804,118,30,13.6,,,True,,,2,114,115,115,1;0,0,0,114;115,214;28,97.2;12.7
804,119,30,13.6,,,True,,,3,115,117,117,1;1;0,0,0,115;116;117,202;536;30,91.7;243.4;13.6
804,120,30,13.6,,,True,,,5,117,121,121,1;1;1;1;0,0,0,117;118;119;120;121,694;234;28;266;28,315.1;106.2;12.7;120.8;12.7
804,121,30,13.6,,,True,,,1,121,121,121,0,0,0,121,28,12.7
804,122,30,13.6,,,True,,,1,121,121,121,0,0,0,121,28,12.7
804,123,30,13.6,,,True,,,1,121,121,121,0,0,0,121,28,12.7
804,124,30,13.6,,,True,,,1,121,121,121,0,0,0,121,28,12.7
804,125,30,13.6,,,True,,,6,121,126,126,1;1;1;1;1;0,0,0,121;122;123;124;125;126,226;560;282;502;30;30,102.6;254.3;128.0;227.9;13.6;13.6
804,126,30,13.6,,,True,,,1,126,126,126,0,0,0,126,30,13.6
804,127,30,13.6,,,True,,,1,126,126,126,0,0,0,126,28,12.7
804,128,30,13.6,,,True,,,1,126,126,126,0,0,0,126,28,12.7
804,129,28,12.7,,,True,,,1,126,126,126,0,0,0,126,30,13.6
804,130,30,13.6,,,True,,,3,126,128,128,1;1;0,0,0,126;127;128,214;28;28,97.2;12.7;12.7
804,131,30,13.6,,,True,,,2,128,129,129,1;0,0,0,128;129,242;26,109.9;11.8
804,132,30,13.6,,,True,,,5,129,133,133,1;1;1;1;0,0,0,129;130;131;132;133,266;514;28;398;30,120.8;233.4;12.7;180.7;13.6
804,133,30,13.6,,,True,,,1,133,133,133,0,0,0,133,28,12.7
804,134,30,13.6,,,True,,,1,133,133,133,0,0,0,133,28,12.7
804,135,28,12.7,,,True,,,1,133,133,133,0,0,0,133,30,13.6
804,136,30,13.6,,,True,,,1,133,133,133,0,0,0,133,28,12.7
804,137,30,13.6,,,True,,,6,133,138,138,1;1;1;1;1;0,0,0,133;134;135;136;137;138,228;844;28;428;28;28,103.5;383.2;12.7;194.3;12.7;12.7
804,138,30,13.6,,,True,,,1,138,138,138,0,0,0,138,28,12.7
804,139,30,13.6,,,True,,,1,138,138,138,0,0,0,138,28,12.7
804,140,30,13.6,,,True,,,1,138,138,138,0,0,0,138,28,12.7
804,141,30,13.6,,,True,,,1,138,138,138,0,0,0,138,28,12.7
804,142,30,13.6,,,True,,,4,138,141,141,1;1;1;0,0,0,138;139;140;141,258;28;304;28,117.1;12.7;138.0;12.7
804,143,30,13.6,,,True,,,4,141,144,144,1;1;1;0,0,0,141;142;143;144,230;484;294;30,104.4;219.8;133.5;13.6
804,144,30,13.6,,,True,,,1,144,144,144,0,0,0,144,26,11.8
804,145,28,12.7,,,True,,,1,144,144,144,0,0,0,144,28,12.7
804,146,30,13.6,,,True,,,1,144,144,144,0,0,0,144,28,12.7
804,147,28,12.7,,,True,,,1,144,144,144,0,0,0,144,28,12.7
804,148,30,13.6,,,True,,,2,144,145,145,1;0,0,0,144;145,212;28,96.3;12.7
804,149,30,13.6,,,True,,,6,145,150,150,1;1;1;1;1;0,0,0,145;146;147;148;149;150,198;518;280;450;28;28,89.9;235.2;127.1;204.3;12.7;12.7
804,150,30,13.6,,,True,,,1,150,150,150,0,0,0,150,30,13.6
804,151,30,13.6,,,True,,,1,150,150,150,0,0,0,150,28,12.7
804,152,30,13.6,,,True,,,1,150,150,150,0,0,0,150,28,12.7
804,153,30,13.6,,,True,,,1,150,150,150,0,0,0,150,28,12.7
804,154,30,13.6,,,True,,,3,150,152,152,1;1;0,0,0,150;151;152,210;28;30,95.3;12.7;13.6
804,155,30,13.6,,,True,,,2,152,153,153,1;0,0,0,152;153,236;28,107.2;12.7
804,156,30,13.6,,,True,,,5,153,157,157,1;1;1;1;0,0,0,153;154;155;156;157,230;740;28;410;28,104.4;336.0;12.7;186.2;12.7
804,157,30,13.6,,,True,,,1,157,157,157,0,0,0,157,30,13.6
804,158,30,13.6,,,True,,,1,157,157,157,0,0,0,157,28,12.7
804,159,30,13.6,,,True,,,1,157,157,157,0,0,0,157,28,12.7
